state,geography,requirement,dataset,publisher,url,access,license_terms,spatial_coverage,temporal_coverage,update_cadence,key_fields,missing_fields,quality_issues,method_use,score,verified
MN,7-county metro,R4;R5;R6,Residential Building Permits (permit-level),Metropolitan Council,https://metrocouncil.org/Data-and-Maps/Research-and-Data/Metadata/Residential-Building-Permits.aspx,Geospatial Commons download (gisdata.mn.gov/dataset/us-mn-state-metc-econ-residential-building-permts),"Public domain (MN Government Data Practices Act, Ch. 13)","7-county metro, ~180 cities/townships",2009-2024 (2025 due ~mid-2026),Annual,"PIN, CTU_NAME, YEAR, HOUSING_TYPE (SFD/ADU/TH/DTQ/MF5), RES_PERMIT_TYPE (new/conversion/removal/remodel), UNITS, BUILDINGS, TENURE, PERMIT_VALUE, ADDRESS",CO/completion date; DTQ lumps 2-4 units; 5-6 units inside MF5,Start year of ADU category not stated; city-reported survey,Core outcome: staggered ADU DiD across metro cities; DTQ for MM; removals for net units,3,Y
MN,7-county metro,R1;R2;R7,Regional Parcels (current + year-end 2021-2025),Metropolitan Council / MetroGIS,https://arcgis.metc.state.mn.us/data1/rest/services/parcels?f=pjson,"ArcGIS REST (2,000/query) + file GDB; Parcels_2021..Parcels_2025 services",Public domain (MGDPA); counties resolved to share 'without fee or licensure',7 counties,Current quarterly; open year-end 2021-2025; 2002-2020 services token-locked or offline,Quarterly,"YEAR_BUILT, NUM_UNITS, DWELL_TYPE, HOME_STYLE, FIN_SQ_FT, USECLASS1-4, EMV_LAND/BLDG/TOTAL, HOMESTEAD, SALE_DATE, SALE_VALUE, ACRES_POLY, CTU_NAME",Zoning; sales history (last sale only); Hennepin NUM_UNITS/DWELL_TYPE blank,Schema changed 2019-01-01 (MN Parcel Data Transfer Standard); use-class codes vary by county,"Eligible-parcel denominator, pro forma values and last-sale prices; 2021-25 panel",3,Y
MN,Hennepin County,R1;R7,Hennepin County Parcels,Hennepin County,https://www.arcgis.com/sharing/rest/content/items/7975aabf6e1e42998a40a4b085ffefdf/info/metadata/metadata.xml?format=default&output=html,ArcGIS (gis.hennepin.us blocks automated fetch via robots.txt for our fetcher),"As-is disclaimer, no use restriction",Hennepin County (incl. Minneapolis),Current,Monthly,"SALE_DATE, SALE_PRICE, SALE_CODE, BUILD_YR, PR_TYP_NM1-4, MKT_VAL_TOT",History; units,Service not opened directly,"Fills Hennepin gaps in regional layer (type, year built)",2,N
MN,Ramsey County,R1;R7,CAD_AttributedParcelPoint,Ramsey County,https://gis.ramseycountymn.gov/server/rest/services/Cadastral/CAD_AttributedParcelPoint_ViewOnly/FeatureServer/0?f=pjson,ArcGIS REST,'None' stated,Ramsey County (incl. St. Paul),Current + 3 years EMV,Unknown,"SalePrice, LastSaleDate, YearBuilt, LivingUnit, DwellingType, LandUseCode, EMV history (192 fields)",Sales history,,St. Paul pro forma and denominators,2,Y
MN,59 of 87 counties,R1,"Parcels, Compiled from Opt-In Open Data Counties",MnGeo,https://www.arcgis.com/sharing/rest/content/items/69148d3959194a05a23964cc60f6517b?f=pjson,FeatureServer (enterprise.gisdata.mn.gov plan_parcels_open) + CSV/GDB/GeoJSON export,'None' (as-is disclaimer),"59 counties incl. all 7 metro; missing incl. Blue Earth, Kandiyohi, Goodhue, Freeborn, Nicollet, Beltrami, Pine",Current only (modified ~2026-09-13),Quarterly,"GAC standard schema: year_built, num_units, sale_value, useclass1, emv fields",History; standardized use class; many attributes null outside metro (year_built on ~1.17M of 2.71M),Field availability varies by county,Tier 2/3 denominators for Greater Minnesota,2,Y
MN,Minneapolis,R4;R6,CCS Permits,City of Minneapolis,https://services.arcgis.com/afSMGVsC7QlRK1kZ/arcgis/rest/services/CCS_Permits/FeatureServer/0?f=pjson,ArcGIS REST,CC0 1.0,City of Minneapolis,Rolling window from 2016-12 (snapshot needed),Frequent,"APN, permitType, occupancyType (SFD/TFD/3to4/TH/MFD/Accessory...), workType, dwellingUnitsNew, dwellingUnitsEliminated, value, totalFees, issueDate, completeDate",ADU flag (infer from text/occupancy),Rolling window loses history,Minneapolis 2040 (2020) event study; realized fees per permit,2,Y
MN,St. Paul,R4,Building Permits,City of Saint Paul,https://services1.arcgis.com/9meaaHE3uiba0zr8/arcgis/rest/services/Building_Permits_/FeatureServer/0?f=pjson,ArcGIS REST,Public domain,City of Saint Paul,2015-06 to 2025-06 (rolling; looks stale),Unclear,"PIN, ISSUEDATE, FINALDATE, SUB_TYPE (SFD, 2-Family/Duplex, Multi-Fam, Accessory Structure...), WORK_TYPE, description",Unit counts; ADU flag,Stale since mid-2025; use Met Council permits instead,Secondary to Met Council for St. Paul,1,Y
MN,Minneapolis,R3,Planning Primary Zoning + Zoning Built Form,City of Minneapolis,https://www.arcgis.com/sharing/rest/content/items/5dd8138c953a4555b17caf44d777c5fb?f=pjson,ArcGIS REST,CC0,City of Minneapolis,Current,As amended,Zoning district; built form district,Pre-2020 map,,Floor-area/built-form dose for Minneapolis MM,2,Y
MN,7-county metro,R3,Regional Planned Land Use,Metropolitan Council,https://arcgis.metc.state.mn.us/data1/rest/services/planning/PLU/FeatureServer/0?f=pjson,ArcGIS REST,Public domain (MGDPA),187 metro communities,Current comp plans,Per plan cycle,"Plan designation, METC_MIND/METC_MAXD, HSG_DEN",Zoning (plan designations only),Plan != zoning,Proxy for SF-only land outside Minneapolis/St. Paul,1,Y
MN,statewide,R7,eCRV / CRV sales,MN Department of Revenue,https://www.revenue.state.mn.us/guide/download-service,Download Service limited to local government agencies; public per-record search only,Agency access only for bulk,Statewide,eCRV era,Continuous,"Sale price, parcel, property type",Public bulk access,Not scriptable for public users,Not usable as dependency; aggregate sales-ratio reports only,0,Y
MN,statewide,R8,Construction and development fee reports (Minn. Stat. 326B.145),MN Dept of Labor and Industry; Legislative Reference Library archive,https://www.lrl.mn.gov/docs/2017/mandated/171039.pdf,DLI portal (login); LRL archived PDFs,Public records,Cities issuing permits,Annual,Annual,"Fees collected, units, expenses by city",Machine-readable per-unit fee schedules,"PDF parsing; permit fees mostly, not all impact fees",Real-fee sanity check vs $50k Handbook value,1,Y
MN,statewide,R9,Statewide ADU/MM bills 2024-2026 (none enacted),MN Legislature,https://www.moreneighbors.org/news-stories/2026-legislative-session-recap,Web,Public,Statewide,2024-2026,n/a,2024 MM bill died; 2025 Yes to Homes died; 2026 Starter Homes Act failed in committee; HOA-requirement ban passed 2026,,,Headroom confirmed for ADU and MM scenarios,3,Y
