state,R1,R2,R3,R4,R5,R6,R7,R8,R9,R10,blockers,best_local_jurisdictions,notes
CT,3,2,2,2,1,2,3,1,2,3,No pre-2023 parcel vintages (no pre-PA 21-29 panel); no ADU flag anywhere statewide; no record-level permits for New Haven/Stamford; NZA license,"Hartford (permits 2020+, CC0); otherwise town-level DECD","Strong CC0 parcel+CAMA (incl. Zone, AYB, Living_Area, sale price) and OPM sales 2001-2024. DECD report has structure type + demolitions but NO ADU flag (brief wrong). ~115 of 169 towns opted out of ADU provisions (not a third)."
MA,3,3,2,2,2,1,2,1,1,2,Reforms too recent (ADU Feb 2025; MBTA 3A 2023-25) for 2-yr post; no statewide demolitions/COs; NZA license; MassGIS no explicit license,"Boston (2009+, PDDL, total_fees), Somerville (2014+, APN, ODbL), Cambridge (2018+)","Best parcel panel of the four (all vintages, UNITS, YEAR_BUILT, BLD_AREA, LS_PRICE). ADU tracker gives muni ADU counts from 2025. Permit record-level data lack unit-count columns."
VT,2,1,3,1,1,1,3,1,2,2,Parcel layer lacks year built/sq ft/units (no statewide CAMA); Grand List history by email request; many towns issue no building permits; tiny N,"Burlington (net new units 1981+, zoning/CO permits)",Open MIT-licensed zoning atlas (only state here with open zoning data). PTTR weekly record-level sales with SPAN is excellent. HOME Act July 2023 gives ~2.5 yrs post but outcome measurement weak.
CA,1,1,2,3,3,3,1,2,3,2,No statewide parcel layer; sale prices not free in bulk; APR and OPR zoning have no stated license; NZA license,"Los Angeles (LADBS ADU_CHANGED/COFO_DATE + County rolls 2006+), San Francisco (production + rolls 2007-2024), San Diego","APR Table A2 is record-level statewide with APN, ADU unit category, SB 9 flag, permit+CO dates, demolitions: best outcome data of the four. Brief overstated prices (3->1) and fees (3->2); understated parcel history for LA/SF."
NC,2,1,1,2,2,2,2,2,3,2,"NZA data proprietary (no scrape/commercial, Land Use Labs licence); OneMap current-only with county-native use codes and no sqft/units/sale price; Raleigh housingunitstotal empty from 2024; Mecklenburg permits lack unit counts; Greensboro has no open permit dataset",Raleigh; Durham; Charlotte/Mecklenburg; Wake County (parcel+sales),"Desk R1=3 and R3=3 overstated. R9 strongest: Durham 2019, Raleigh ADU 2020 and MM 2021, Charlotte UDO 2023 all 2+ yrs post. S.L. 2026-59 Sec.49 fee disclosure effective 2026-08-11 but first LGC statewide report date not set. Start own quarterly OneMap snapshots now."
OH,2,1,1,2,1,2,2,1,1,2,Statewide parcels have only StateLUC+LandArea; 2022 statewide vintage token-gated; NZA licensing; no ADU flags; no state fee reporting; Cleveland ODbL share-alike,"Columbus/Franklin County (archives to 2002/2014, CC0 permits w/ UNITS); Cincinnati (public-domain permits 2010+ with UNITS & CO date); Cleveland (form-based-code area flag)","Only Cincinnati Connected Communities (June 2024) has ~2 yrs post; Columbus ADU Nov 2025 too recent. Evidence prong must borrow out-of-state. Ohio local fees (e.g., Columbus water capacity $335-397) far below $50k baseline."
TX,2,2,1,2,1,2,1,2,3,2,"Non-disclosure (no sale prices); StratMap schema not standardized and year_built sparse, some vintages token-gated; Houston permits only monthly aggregates; Dallas permit data discontinued 2020; NZA licensing",Austin/Travis (permits 1970-2026 public domain + TCAD exports 2022-2026); Houston/Harris via HCAD parcel changes; San Antonio permits 2020+ (CC-BY),"Desk R2=3 overstated (vintages 2019/2022/2024/2025 but inconsistent); desk permit score for Houston/Dallas too high. R9 strong: Houston 1998/2013 lot size, Austin HOME 2023-24, Houston Livable Places 2023, SA ADU 2023. Ch.395 fee: Austin water+ww $7,700/LUE."
UT,3,2,1,2,2,2,1,1,2,2,"NZA zoning not open-licensed; no sale prices (non-disclosure); statewide permit records paywalled ($4,000); SLC open permit datasets appear retired (404)",Salt Lake County cities (HUI + LIR); Salt Lake City (ADU 2023); Alpine/American Fork/Bluffdale etc. via MIH ADU counts,"Best parcel data of the three (LIR has BUILT_YR, BLDG_SQFT, HOUSE_CNT, land/total value). HUI gives unit stock by type in 3 vintages (2020/2022/2024). MIH reports give ADU permits by city-year. Weak on fees and prices."
WI,2,3,0,2,1,1,2,2,1,2,No statewide SF identifier/units/year built in parcels; no zoning atlas; Act 243 reports scattered PDFs; RETR bulk access path unclear after 2026 MTA change,Milwaukee (MPROP + CC-BY permits); Madison (ADU 2021),12 annual parcel vintages is excellent for panel but schema is thin. Act 243 gives standardized units-approved and fee-per-unit for ~70 cities/villages: strong once scraped. Desk R1=3 and fees=3 overstated.
CO,2,1,2,2,1,2,2,2,1,2,NZA license; parcel composite lacks year built/units and has county gaps; PPRBD subscription,"Boulder (CC0 permits with new/removed units since 1987); Denver (units, parcel, CO date since 2015)","Best city permit data of the three; statewide parcel panel weak (desk R2=2 was generous). Fee benchmark study averages ~$52k, close to $50k Handbook value. Reforms mostly too recent for backtest."
WA,2,1,3,3,2,2,2,2,2,2,Only 2 public parcel vintages; no yr built/sqft/units in statewide parcels; some counties restrict parcels to state business; MM/ADU mandates only ~1 yr post (mid-2025); OFM Form A ADU/demolition detail not published,Seattle; Tacoma; King County (assessor extracts),"WAZA is excellent (units/lot, ADUs allowed, 320 jurisdictions). Seattle permits have housingunitsadded/removed, dwellingunittype, completeddate. Start archiving parcels now."
OR,1,1,2,3,2,2,2,2,3,2,No verified attributed statewide parcel layer (county-by-county outside Metro); DLCD zoning only generalized classes; HB 4006 production data not posted as open table,Portland (+Metro RLIS); Bend; Eugene,"Best reform post-period (ADU 2018, MM 2021-22). Portland IS_ADU/NEW_UNITS since 1995; Bend has Units, HB2001ADU, DateFinaled, TAXLOT. RLIS has SALEPRICE, YEARBUILT, BLDGSQFT."
MT,3,3,2,1,1,1,1,1,1,2,No record-level open permits in any key city; no state production reporting (MLUPA = 5-yr review); statewide sale-price non-disclosure; NZA vintage pre-reform,Missoula (PDF monthly since 2010); Bozeman; Billings,"Parcel side is the strongest of the three (monthly statewide cadastral + CAMA, archives 2002-2025). Outcomes must come from BPS + CAMA panel (new dwellings by year) rather than permits."
