state,theme,level,jurisdiction,measure,summary,effective,status,url,confidence
AK,adu,city,Anchorage,2023 ADU reform,Removed owner-occupancy and bedroom cap; ADUs in all residential zones.,2023-02,In force,https://www.sightline.org/2023/03/17/anchorage-adopts-model-adu-reforms/,med
AK,adu,city,Juneau,Title 49 amendment (2025),"Smaller ADU setbacks, director-level approval, detached ADUs up to 1,000 sf.",2025-04-08,In force,https://juneau.org/community-development/project-accessory-apartments,med
AK,missing_middle,city,Anchorage,AO 2023-87(S-1) HOME Initiative,Duplexes by right in all residential zones in the Anchorage Bowl.,2024-06-25,In force,https://www.muni.org/Departments/Assembly/PressReleases/Pages/Assembly-Approves-Revised-HOME-Initiative.aspx,high
AL,adu,city,Huntsville,Zoning Ordinance Art. 73.5 ADU amendment,ADU amendment to Zoning Ordinance Art. 73.5 passed Planning Commission June 2024; still 'in process' in Aug 2024 press. Council adoption not confirmed.,2024,Unverified (council adoption),https://www.waff.com/2024/06/05/ordinance-allowing-accessory-dwelling-units-soon-come-huntsville/,low
AL,adu,city,Birmingham,ADU ordinance (exploratory),No ADU ordinance; ADUs treated as accessory structures in D4 and mixed-use districts only. Public town halls began June 2026.,—,Not adopted,https://birminghamwatch.org/?p=129896,high
AR,adu,state,Statewide,HB 1503 / Act 313 (2025),"One ADU by right per single-family lot; no owner-occupancy, parking or in-lieu fees.",2025-08-05; local rules void 2026-01-01,In force,https://arkleg.state.ar.us/Home/FTPDocument?path=%2FACTS%2F2025R%2FPublic%2FACT313.pdf,high
AR,fees,state,Statewide,HB 1503 / Act 313 (2025),ADU impact fees and review fees each capped at $250.,2025-08-05,In force,https://legiscan.com/AR/bill/HB1503/2025,high
AR,missing_middle,city,Fayetteville,Urban Neighborhood district (2025),"New district allowing duplexes, townhouses and small multifamily; applies only through rezoning.",2025-01-07,In force,https://citizenportal.ai/articles/6094981/arkansas/washington-county/fayetteville-city/council-adopts-urban-neighborhood-zoning-to-add-mediumdensity-housing-option-at-downtown-edges,med
AZ,adu,state,Statewide,HB 2720 (2024),"Cities over 75,000: one attached plus one detached ADU per lot; no owner-occupancy or parking.",Regulations due 2025-01-01,In force (A.R.S. 9-461.18),https://www.azleg.gov/ars/9/00461-18.htm,high
AZ,fees,state,Statewide,A.R.S. 9-463.05,Development fees limited to a proportionate share; residential deferral to CO; ADU fee caps (25% or single-family share).,2011 reform; ADU caps later,In force,https://www.azleg.gov/ars/9/00463-05.htm,med
AZ,missing_middle,state,Statewide,HB 2721 (2024),"Cities 75,000+: duplex–fourplex and townhomes on single-family lots within 1 mile of downtown and 20% of large new developments.",Compliance 2026-01-01,In force (A.R.S. 9-462.13),https://www.azleg.gov/ars/9/00462-13.htm,high
CA,adu,state,Statewide,SB 1069 & AB 2299 (2016),Ministerial ADU approval; parking limits (none within 1/2 mile of transit); limits on utility fees.,2017-01-01,In force; amended repeatedly,https://leginfo.legislature.ca.gov/faces/billNavClient.xhtml?bill_id=201520160SB1069,high
CA,adu,state,Statewide,AB 68 / AB 881 / SB 13 (2019),ADU plus JADU on every single-family lot; 60-day approval; no minimum lot size; at least 800 sf allowed; owner-occupancy suspended.,2020-01-01,In force (recodified Gov. Code 66310+),https://leginfo.legislature.ca.gov/faces/billNavClient.xhtml?bill_id=201920200AB68,high
CA,adu,state,Statewide,AB 976 (2023),Permanent ban on ADU owner-occupancy requirements.,2024-01-01,In force,https://leginfo.legislature.ca.gov/faces/billNavClient.xhtml?bill_id=202320240AB976,high
CA,adu,state,Statewide,SB 1211 (2024),Up to 8 detached ADUs on existing multifamily lots; no replacement parking.,2025-01-01,In force,https://leginfo.legislature.ca.gov/faces/billNavClient.xhtml?bill_id=202320240SB1211,high
CA,fees,state,Statewide,SB 13 (2019),No impact fees on ADUs under 750 sf; larger ADUs pay fees proportional to square footage.,2020-01-01,In force (Gov. Code 66324),https://leginfo.legislature.ca.gov/faces/billNavClient.xhtml?bill_id=201920200SB13,high
CA,fees,state,Statewide,AB 602 (2021),Nexus-study reform: residential impact fees proportional to square footage; studies updated every 8 years.,2022-07-01,In force,https://leginfo.legislature.ca.gov/faces/billNavClient.xhtml?bill_id=202120220AB602,high
CA,fees,state,Statewide,SB 937 (2024),Impact fees on designated residential projects deferred to final inspection / certificate of occupancy.,2025-01-01,In force,https://leginfo.legislature.ca.gov/faces/billNavClient.xhtml?bill_id=202320240SB937,med
CA,missing_middle,state,Statewide,SB 9 (2021),Ministerial approval of up to 2 units per lot plus an urban lot split in single-family zones (up to 4 units).,2022-01-01,In force; amended by SB 450 (2024); charter-city challenge outcome unverified,https://leginfo.legislature.ca.gov/faces/billNavClient.xhtml?bill_id=202120220SB9,high
CA,missing_middle,state,Statewide,SB 450 (2024),SB 9 cleanup: local standards can't be stricter than for the primary dwelling; 60-day decision clock.,2025-01-01,In force,https://leginfo.legislature.ca.gov/faces/billNavClient.xhtml?bill_id=202320240SB450,med
CA,missing_middle,state,Statewide,SB 10 (2021),"Optional: lets cities zone parcels for up to 10 units near transit or on urban infill sites, outside CEQA.",2022-01-01,"In force, optional; sunsets 2029",https://leginfo.legislature.ca.gov/faces/billNavClient.xhtml?bill_id=202120220SB10,med
CA,missing_middle,state,Statewide,SB 684 (2023),Ministerial approval of small subdivisions (10 or fewer units) on urban lots under 5 acres in multifamily zones.,2024-07-01,In force,https://leginfo.legislature.ca.gov/faces/billNavClient.xhtml?bill_id=202320240SB684,high
CA,missing_middle,state,Statewide,SB 1123 (2024),Extends SB 684 to vacant single-family lots of 1.5 acres or less.,2025-07-01,In force,https://leginfo.legislature.ca.gov/faces/billNavClient.xhtml?bill_id=202320240SB1123,high
CO,adu,city,Colorado Springs,2020 ADU ordinances,ADU ordinances approved 2020-06-23.,2020-06-23,In force,https://coloradosprings.gov/adu,low
CO,adu,city,Denver,Citywide ADUs text amendment,"ADUs allowed in all residential areas (70% of land, up from 36%); owner-occupancy rule loosened to comply with HB24-1152.",2024-12-16,In force,https://www.denvergov.org/Government/Agencies-Departments-Offices/Agencies-Departments-Offices-Directory/Community-Planning-and-Development/CPD-News-and-Events/CPD-News/2024/Denver-Passes-Measure-to-Allow-Accessory-Dwelling-Units-in-All-Residential-Areas-of-the-City,high
CO,adu,state,Statewide,HB24-1152 (2024),Cities in MPOs must administratively approve one ADU per single-family lot; no owner-occupancy or new parking.,Compliance 2025-06-30,In force,https://content.leg.colorado.gov/sites/default/files/2024a_1152_signed.pdf,high
CO,fees,state,Statewide,HB24-1152 (2024) grant program,"$5M ADU Fee Reduction grants to offset local fee waivers (up to $15,000 per ADU).",2024-05-13,In force,https://leg.colorado.gov/bills/hb24-1152,high
CO,fees,state,Statewide,HB25-1211 (2025),Limits special-district tap fees so they do not delay or add to housing costs.,2025,In force,https://governorsoffice.colorado.gov/governor/news/delivering-more-housing-coloradans-can-afford-governor-polis-signs-laws-create-more-housing,med
CO,missing_middle,state,Statewide,HB25-1272 (2025),Construction-defect reform aimed at unlocking townhome and condo construction.,2025,In force,https://www.colorado.gov/governor/news/governor-polis-completes-state-wide-bill-signing-tour-signing-new-laws-reduce-housing-costs,med
CO,missing_middle,state,Statewide,HB26-1001 (2026) HOME Act,"Streamlined housing on land up to 5 acres owned by nonprofits, housing authorities, schools, colleges and transit districts.",Signed 2026-03,In force,"https://www.cohousedems.com/news/breakthrough-bills-signed-into-law-to-build-more-housing-now,-make-housing-more-affordable",med
CT,adu,state,Statewide,HB 6107 / PA 21-29 (2021),One ADU as of right on every single-family lot; no owner-occupancy; towns could opt out (about a third did).,2022-01-01,In force,https://www.cga.ct.gov/2021/SUM/PDF/2021SUM00029-R02HB-06107-SUM.PDF,high
CT,fees,state,Statewide,HB 6107 / PA 21-29 (2021),No higher land-use application fees for 4+ unit projects; no utility connection fees for ADUs.,2021-10-01,In force,https://www.cga.ct.gov/2021/SUM/PDF/2021SUM00029-R02HB-06107-SUM.PDF,high
CT,missing_middle,state,Statewide,HB 6107 / PA 21-29 (2021),Bans numeric caps on multifamily/middle housing; caps parking at 1–2 spaces (opt-out allowed).,2021-10-01,In force,https://www.cga.ct.gov/2021/SUM/PDF/2021SUM00029-R02HB-06107-SUM.PDF,high
CT,missing_middle,state,Statewide,HB 8002 / PA 25-1 (2025),2–9 unit 'transit community middle housing' on commercial/mixed-use land; no parking mandates under 16 units.,2026-07-01,Enacted,https://legiscan.com/CT/text/HB08002/id/3284188,high
DC,adu,state,District,"ZR16, 11 DCMR Subtitle U §253","One accessory apartment by right in R zones (in the house or an accessory building), owner-occupied, up to 3 occupants.",2016-09-06,In force,https://ggwash.org/view/65134/dc-now-allows-accessory-apartments-to-be-built-in-residential-zones-what-happens-next,high
DE,adu,state,Statewide,SB 87 (2025),Would require local governments to allow ADUs without prohibitive barriers. Reported out of committee 2025-05-07 but never got a floor vote; the 153rd General Assembly ended 2026-06-30.,Introduced 2025-04-03,Not enacted (died on Senate ready list),https://legis.delaware.gov/BillDetail?LegislationId=142043,high
DE,fees,state,Sussex County,SB 176 (2025),"Authorizes Sussex County school impact fees on new building permits. A fee increase, not a cut.",Signed 2025-09-03,In force,https://news.delaware.gov/2025/09/03/governor-meyer-signs-bipartisan-housing-bills-to-increase-access-and-cut-red-tape/,high
DE,missing_middle,state,Statewide,SS 2 for SB 23 (2026) Affordable Housing Act,"Counties and towns over 2,000 must adopt comprehensive plans with an affordable housing plan meeting state criteria. Planning mandate, not by-right zoning.",Signed 2026-07-13,Enacted,https://www.saul.com/insights/alert/delaware-adopts-affordable-housing-act-respond-lack-affordable-housing-delaware,med
FL,adu,state,Statewide,HB 1339 (2020) / s.163.31771,Permissive: local governments MAY allow ADUs in single-family zones (affordable-rental attestation).,2020-07-01,In force (optional),https://www.flsenate.gov/Laws/Statutes/2025/163.31771,med
FL,fees,state,Statewide,HB 7103 (2019),Impact-fee credit protections; affordable housing fee waivers without offset.,2019-06-28,In force,https://www.flsenate.gov/Session/Bill/2019/7103,high
FL,fees,state,Statewide,HB 337 (2021),"Caps impact-fee increases (max 50%, phased over 2–4 years, once per 4 years).",2021-06-04,In force,https://www.flsenate.gov/Session/Bill/2021/337,high
FL,fees,state,Statewide,SB 1080 (2025),Tightens the 'extraordinary circumstances' exception (unanimous vote); limits permit-fee uses.,2025-10-01,In force,https://www.flsenate.gov/Session/Bill/2025/1080,med
FL,fees,state,Statewide,Florida Impact Fee Act s.163.31801,Dual rational nexus; collection no earlier than building permit; 90-day notice.,2006 (amended through 2025),In force,https://www.flsenate.gov/laws/statutes/2025/163.31801,high
FL,missing_middle,city,Jacksonville,Ord. 2024-870-E,Cottages and detached townhomes in medium-density zones and corridors (not low-density SF). Duplex–fourplex bills withdrawn.,2025-01-14,In force,https://www.aduzoning.org/adu-rules/jacksonville-fl/,med
GA,adu,city,Atlanta,Ord. 18-O-1581,Detached ADUs (up to 750 sf) in R-4/R-4A; no parking.,2019-01-31,In force,https://www.aduzoning.org/adu-rules/atlanta-ga/,med
GA,fees,state,Statewide,"Georgia Development Impact Fee Act, O.C.G.A. 36-71",Proportionate-share limit; affordable exemptions must be funded elsewhere. Not a reduction.,1990,In force,https://law.justia.com/codes/georgia/title-36/provisions-applicable-to-counties-and-municipal-corporations/chapter-71/section-36-71-4/,high
GA,missing_middle,city,Atlanta,ATL Zoning 2.0 (pending),Code rewrite sent back; vote delayed to 2027.,Pending,Not adopted,https://hoodline.com/2026/09/atlanta-sends-zoning-rewrite-back-to-drawing-board-delays-2027-vote/,med
HI,adu,state,Statewide,HRS 46-4(c) (pre-2015),Counties may allow 2 dwellings ('ohana' units) on any residential lot.,pre-2015,In force,https://law.justia.com/codes/hawaii/title-6/chapter-46/section-46-4/,med
HI,fees,state,Statewide,SB 3202 / Act 39 (2024),"Impact fees may be set by square footage, with credit for existing structures.",2024-05-28,In force,https://data.capitol.hawaii.gov/sessions/sessionlaws/Years/SLH2024/SLH2024_Act39.pdf,med
HI,missing_middle,state,Statewide,SB 3202 / Act 39 (2024),Counties must allow at least 2 ADUs per urban residential lot (3 homes per lot); covenant limits voided.,2024-05-28; county ordinances by 2026-12-31,In force,https://data.capitol.hawaii.gov/sessions/sessionlaws/Years/SLH2024/SLH2024_Act39.pdf,med
IA,adu,state,Statewide,SF 592 (2025),At least 1 ADU per single-family lot; no owner-occupancy or extra parking; rules no stricter than single-family.,2025-07-01,In force,https://www.legis.iowa.gov/docs/publications/LGE/91/SF592.pdf,high
IA,adu,state,Statewide,SF 2369 (2026),"Follow-up: ADU size definition, historic-district findings, manufactured-home ADUs.",2026-07-01,In force,https://www.legis.iowa.gov/docs/publications/LGE/91/SF2369.pdf,med
IA,fees,state,Statewide,SF 592 (2025),ADU impact fees and parking in-lieu fees can't exceed single-family treatment.,2025-07-01,In force,https://www.legis.iowa.gov/docs/publications/LGE/91/SF592.pdf,high
ID,adu,state,Statewide,SB 1354 (2026),"Cities over 10,000 must allow one ADU per lot; no owner-occupancy or parking; fees no higher than single-family.",2026-07-01,In force,https://legislature.idaho.gov/wp-content/uploads/sessioninfo/2026/legislation/S1354E1.pdf,high
ID,fees,state,Statewide,SB 1354 (2026),ADU impact and connection fees capped at the single-family level.,2026-07-01,In force,https://legislature.idaho.gov/wp-content/uploads/sessioninfo/2026/legislation/S1354E1.pdf,high
ID,missing_middle,city,Boise,Modern Zoning Code (2023),"R-1C allows duplexes, and tri/fourplexes with conditions; minimum lot 5,000 to 3,500 sf; ADU owner-occupancy dropped.",2023-12-01,In force,https://www.cityofboise.org/departments/planning-and-development-services/planning/designing-our-city/guiding-plans/zoning-code-rewrite/project-milestones/,high
ID,missing_middle,state,Statewide,SB 1352 (2026),"Starter-home subdivisions: lots down to 1,500 sf in cities over 10,000 (small-lot single-family, not 2–6 units).",2026-07-01; codes by 2027-02-01,In force,https://legislature.idaho.gov/wp-content/uploads/sessioninfo/2026/legislation/S1352E1.pdf,high
IL,adu,city,Chicago,Additional Dwelling Unit Ordinance (2020),Re-legalized coach houses and basement units in pilot zones.,2021-05-01,In force (later expansion unverified),https://www.chicago.gov/city/en/depts/doh/provdrs/homeowners/svcs/adu-ordinance.html,high
IN,adu,state,Statewide,HEA 1001 (2026),"Statutory ADU definition (lesser of 75% of home or 1,000 sf); ADUs are one factor in the required UDO review. The opt-out ADU permitted-use chapter was dropped.",2026-07-01,In force,https://iga.in.gov/pdf-documents/124/2026/house/bills/HB1001/HB1001.05.ENGS.pdf,high
IN,fees,state,Statewide,HEA 1001 (2026),Permit fees limited to reasonable cost; increases once per 5 years at CPI; impact-zone limits.,2026-07-01 / 2026-12-31,In force,https://legiscan.com/IN/bill/HB1001/2026,high
IN,fees,state,Statewide,HEA 1005 (2025),Permit deadlines; plan-review fee refunds when missed; $100 convenience-fee cap.,2025-07-01,In force,https://legiscan.com/IN/bill/HB1005/2025,high
IN,missing_middle,state,Statewide,HEA 1001 (2026),"Final text (Senate version, accepted by the House without conference): every county, city and town must hold a public hearing by 2027-01-01 reviewing its UDO for duplex–fourplex, ADUs, lot size and parking, then report. The by-right duplex chapter was dropped.",2026-07-01,"In force; review only, no by-right mandate",https://iga.in.gov/pdf-documents/124/2026/house/bills/HB1001/HB1001.05.ENGS.pdf,high
KS,adu,state,Statewide,SB 418 (2026),ADUs approved by right with a 30-day clock where local zoning allows them.,2026,In force,https://www.sos.ks.gov/publications/sessionlaws/2026/Chapter-76-SB-418.html,med
KS,fees,state,Statewide,SB 418 (2026),No added fees for third-party plan review or inspection.,2026,In force,https://www.sos.ks.gov/publications/sessionlaws/2026/Chapter-76-SB-418.html,med
KS,missing_middle,state,Statewide,SB 418 (2026),"By-right approval of single-family, duplex and townhouse (up to 12) where zoning already allows; 3,000 sf minimum lot for small homes; deemed-approval clocks.",2026,In force,https://www.sos.ks.gov/publications/sessionlaws/2026/Chapter-76-SB-418.html,high
KY,adu,city,Louisville,LDC reform amendments (2021),ADU provisions adopted with six LDC amendments.,2021,In force,https://louisvilleky.gov/government/planning-design/land-development-code-reform,med
KY,adu,city,Lexington,ADU zoning update (2023),ADUs up to 800 sf; owner-occupancy removed (secondary source).,2023-12-07,In force,https://www.zookcabins.com/regulations/adu-regulations-in-kentucky,low
KY,missing_middle,city,Louisville,Middle Housing LDC amendments (pending),"Would allow duplexes, townhouses and cottage courts; Planning Commission hearing 2026-09-03.",Pending,Not adopted,https://louisvilleky.gov/government/planning-design/middle-housing,high
LA,adu,city,New Orleans,Motion M-21-435 (2021) ADU study / CZO amendment,Council unanimously directed a citywide ADU definition and use standards in Dec 2021; CPC presented draft standards in 2022. Final CZO adoption date not confirmed.,Motion 2021-12-01,Adoption unverified,https://vcpora.org/wp-content/uploads/2022/03/ADU-Public-Presentation.pdf,low
MA,adu,state,Statewide,Affordable Homes Act (2024),One ADU by right in every single-family district (900 sf or half the house); no owner-occupancy; parking capped at 1.,2025-02-02,In force,https://www.mass.gov/info-details/accessory-dwelling-units,high
MA,missing_middle,state,Statewide,"MBTA Communities, MGL c.40A §3A","177 towns must zone a district for as-of-right multifamily (15+ units/acre) near transit. Transit multifamily, not strictly missing middle.",Deadlines 2023-12-31 to 2025-12-31,In force,https://malegislature.gov/Laws/GeneralLaws/PartI/TitleVII/Chapter40A/Section3A,high
MD,adu,state,Statewide,"HB 1466 / SB 891, Ch. 197 (2025) Accessory Dwelling Units Act","State policy to promote ADUs; charter counties and Baltimore City must adopt local laws authorizing ADUs on single-family detached lots; parking only after a parking study, with waivers; ministerial review.",2025-10-01; local laws due 2026-10-01,In force,https://mgaleg.maryland.gov/2025RS/chapters_noln/Ch_197_hb1466T.pdf,high
MD,fees,state,Statewide,SB 325 (2026) Housing Certainty Act,Impact fees and excise taxes collected no earlier than 30 days before final inspection.,2026-10-01,Enacted,https://mgaleg.maryland.gov/mgawebsite/Legislation/Details/sb0325?ys=2026RS,med
MD,fees,state,Statewide,HB 894 (2026) Transit and Housing Opportunity Act,Fee deferral at rail TOD; no parking minimums within 1/4 mile of stations.,2026-10-01,Enacted,https://mgaleg.maryland.gov/mgawebsite/Legislation/Details/hb0894?ys=2026RS,med
MD,missing_middle,city,Anne Arundel County,Bill 72-24 Housing Attainability Act,Triplexes and fourplexes in single-family zones (not verified on county site).,2025-07-01,Unverified,https://en.wikipedia.org/wiki/Single-family_zoning,low
MD,missing_middle,state,Statewide,HB 538 (2024),Bars bans on manufactured/modular homes in SF zones; density bonuses for qualified affordable projects.,2025-01-01,In force,https://mgaleg.maryland.gov/mgawebsite/Legislation/Details/hb0538?ys=2024RS,med
ME,adu,state,Statewide,LD 2003 (2022),One ADU by right on any single-family lot; no extra parking.,Compliance 2024,In force,https://www.maine.gov/decd/sites/maine.gov.decd/files/inline-files/DECD_LD%202003%20October%20update.pdf,high
ME,fees,state,Statewide,LD 1829 (2025),Impact-fee limitations (details per Mercatus 2025 recap; not verified).,2025,Enacted,https://www.mercatus.org/research/policy-briefs/framing-futures-pro-housing-legislation-goes-vertical-2025,low
ME,missing_middle,state,Statewide,LD 2003 (2022),2 units on any residential lot; up to 4 in growth areas; affordable density bonus.,Compliance 2024-01-01 / 2024-07-01,In force,https://www.maine.gov/decd/sites/maine.gov.decd/files/inline-files/DECD_LD%202003%20October%20update.pdf,high
ME,missing_middle,state,Statewide,LD 1829 (2025),"Caps minimum lot sizes (5,000 sf sewered); at least 3 homes per sewered lot; parking and impact-fee limits.",2025,Enacted,https://legiscan.com/ME/bill/LD1829/2025,med
ME,missing_middle,state,Statewide,LD 2173 (2026),No planning-board approval for 4 or fewer units where housing is allowed.,2026-04-14,Enacted,https://legiscan.com/ME/bill/LD2173/2025,med
MI,adu,city,Grand Rapids,Housing Policy Zoning Text Amendments (2024),ADUs made a permitted use with streamlined review.,2024-05-23,In force,https://www.grandrapidsmi.gov/departments/planning-department/city-housing-policy-amendments/,high
MI,missing_middle,city,Grand Rapids,Housing Policy Zoning Text Amendments (2024),Small infill (6 units or fewer) on smaller lots; lower parking; ADUs permitted.,2024-05-23,In force,https://www.grandrapidsmi.gov/departments/planning-department/city-housing-policy-amendments/,high
MI,missing_middle,state,Statewide,SB 23 (2025) / PA 58,Lets localities raise the number of parcels created by land division. Partial lot-split lever only.,2025-12-23,In force,https://www.legislature.mi.gov/Bills/Bill?ObjectName=2025-SB-0023,med
MN,adu,city,St. Paul,Ord. 16-13 & Ord. 18-28,"ADUs near University Ave (2016), expanded citywide (2018).",2016-09-14 / 2018-10-17,In force,"https://webapi.legistar.com/v1/stpaul/matters?$filter=substringof('accessory%20dwelling',MatterTitle)",high
MN,adu,city,Rochester,Unified Development Code,"One ADU (up to 1,000 sf) in all residential districts; no owner-occupancy.",2023-01-01,In force,https://www.rochestermn.gov/departments/community-development/construction-development-resources/residential-development/accessory-dwelling-units-adus,med
MN,missing_middle,city,Minneapolis,Minneapolis 2040 triplex amendment + Built Form rules,Up to 3 units on all residential lots; ended single-family-only zoning.,2020-01-01 / 2021-01-01,In force,https://minneapolis2040.com/implementation/built-form-regulations/,high
MN,missing_middle,city,St. Paul,Ord. 23-43 (1–6 unit housing),H1 up to 4 units (6 with bonus); duplexes in RL; up to 2 ADUs per lot.,2023-11-26,In force,https://stpaul.gov/departments/planning-and-economic-development/planning/current-activities/1-6-unit-housing,high
MO,adu,city,Kansas City,Ord. 220698,ADUs allowed in single-family districts (owner-occupancy reported).,2022-09-15,In force,https://webapi.legistar.com/v1/kansascity/matters?$filter=MatterFile%20eq%20'220698',high
MO,adu,city,St. Louis,Board Bill 60 / Ord. 72036,Attached and detached ADUs by right in all residential zones.,2025-09-30,In force,https://www.stlouis-mo.gov/government/city-laws/board-bills/boardbill.cfm?BBId=16716&bbDetail=true,high
MT,adu,state,Statewide,SB 528 (2023),One ADU by right per single-family lot; no owner-occupancy or parking; $250 review fee; no impact fees.,2024-01-01 (enjoined until 2024-09-03),In force; upheld 2026-03-17,https://mca.legmt.gov/bills/mca/title_0760/chapter_0020/part_0030/section_0450/0760-0020-0030-0450.html,high
MT,adu,state,Statewide,SB 532 (2025),Extends ADU allowances to county zoning.,2025-05-12,In force; sunsets 2029,https://archive.legmt.gov/content/Sessions/69th/Contractor_index/CH0619.pdf,med
MT,fees,state,Statewide,SB 528 (2023),$250 cap on ADU review fees; no impact fees on ADUs.,2024-01-01,In force,https://mca.legmt.gov/bills/mca/title_0760/chapter_0020/part_0030/section_0450/0760-0020-0030-0450.html,high
MT,fees,state,Statewide,SB 133 (2025),Impact-fee increases capped at inflation; 5% admin fee removed; proportionate-share method required.,2025,In force,https://archive.legmt.gov/content/Sessions/69th/Contractor_index/CH0556.pdf,high
MT,missing_middle,state,Statewide,SB 323 (2023),"Duplex allowed on every single-family lot in cities of 5,000+.",2024-01-01 (enjoined until 2024-09-03),In force; upheld by MT Supreme Court 2026-03-17,https://leg.mt.gov/bills/2023/billhtml/SB0323.htm,high
MT,missing_middle,state,Statewide,SB 382 (2023) MLUPA,"Larger cities must adopt 5 of 14 housing strategies (duplex/fourplex by right, ADUs, smaller lots, fee cuts).",Implementation by 2026-05-17,In force; upheld 2026-03-17,https://law.justia.com/codes/montana/title-76/chapter-25/part-3/section-76-25-302/,high
NC,adu,city,Raleigh,TC-16-19 (Ord. 2020-117),ADUs by right citywide.,2020-07-07,In force,https://cityofraleigh0drupal.blob.core.usgovcloudapi.net/drupal-prod/COR22/TC-16-19-ORD.pdf,high
NC,adu,city,Greensboro,LDO ADU amendment (2024),Dropped owner-occupancy and parking; ADUs up to 50% of the house.,2024-04-16,In force,https://www.greensboro-nc.gov/departments/planning/learn-more-about/zoning-rezoning/land-development-ordinance/pending-ldo-amendments/accessory-dwelling-units,med
NC,adu,state,Statewide,"S445 / S.L. 2026-59, Sec. 44","Non-coastal cities over 50,000 must allow an ADU with each single-family home; no parking or rental bans; 800–1,000 sf size floor.",Applications from 2027-01-15,Enacted 2026-08-11,https://www.ncleg.gov/BillLookUp/2025/S445,high
NC,fees,state,Statewide,Quality Built Homes v. Town of Carthage (2016),NC Supreme Court: no general authority for 'future service' water/sewer impact fees without a local act.,2016-08-19,Binding precedent,https://www.courtlistener.com/opinion/7477196/quality-built-homes-inc-v-town-of-carthage/,high
NC,fees,state,Statewide,H436 / S.L. 2017-138,"System development fees allowed only up to an engineer's written analysis, with notice and hearing.",2017-10-01,In force,https://www.ncleg.gov/Sessions/2017/Bills/House/PDF/H436v6.pdf,high
NC,fees,state,Statewide,S355 / S.L. 2019-111,"Bars local taxes, impact fees or conditions not authorized by law.",2019-07-11,In force,https://www.ncleg.gov/BillLookup/2019/S355,med
NC,fees,state,Statewide,"S445 / S.L. 2026-59, Sec. 49","Development fee transparency: online schedules, estimates in 10 days, annual reporting.",2026-08-11,In force,https://canons.sog.unc.edu/blog/2026/09/08/new-disclosure-requirements-for-development-related-fees-including-chapter-160d-fees-local-act-impact-fees-and-system-development-fees/,high
NC,missing_middle,city,Charlotte,"Unified Development Ordinance, Art. 4",Duplexes and triplexes on every N1 (former single-family) lot; quadplexes on arterials with an affordable unit.,2023-06-01,In force,https://read.charlotteudo.org/articles/article-4-neighborhood-1-zoning-districts/,high
NC,missing_middle,city,Raleigh,TC-5-20 Missing Middle,Two-family homes in all districts except R-1; townhouses in R-2/4/6; 3-unit buildings on smaller lots.,2021-07,In force,https://raleighnc.gov/planning/services/faq-raleighs-missing-middle,high
NC,missing_middle,city,Raleigh,TC-20-21 Missing Middle 2.0,"Tiny houses, flag lots, 2 ADUs per lot near frequent transit, density bonuses.",2022-08-08,In force,https://cityofraleigh0drupal.blob.core.usgovcloudapi.net/drupal-prod/COR22/TC-20-21-ORD.pdf,high
NC,missing_middle,city,Durham,Expanding Housing Choices (2019) & SCAD (2023),"Duplexes in urban-tier zones, small lots, ADUs to 800 sf; SCAD removed parking minimums.",2019-09-03 / 2023-11-21,In force,https://www.durhamnc.gov/3679/Expanding-Housing-Choices,high
NE,adu,city,Omaha,ADU zoning amendment (2024),ADUs by right in higher-density districts; conditional use in low-density ones.,2024-03-05,In force,https://nebraskalegislature.gov/pdf/reports/committee/urban/Omaha_2025_Affordable_Housing_Report.pdf,high
NE,adu,city,Lincoln,ADU reforms (2026),ADUs on standard single-family lots; garage conversions allowed.,2026-03-30,In force,https://www.aarp.org/states/nebraska/lincoln-city-council-approves-vision-zero-plan-and-adu-reforms/,med
NE,fees,city,Omaha,Sewer and ASIP fee restructure (2022),"Fees charged per building square foot instead of lot size, lowering fees on small lots.",2022-02-08,In force,https://nebraskalegislature.gov/pdf/reports/committee/urban/Omaha_2025_Affordable_Housing_Report.pdf,high
NE,missing_middle,state,Statewide,LB 866 (2020),"Cities must adopt affordable-housing plans; failing that, middle housing and duplexes allowed in single-family zones.",Plans due 2023-01-01 / 2024-01-01,In force,https://nebraskalegislature.gov/laws/statutes.php?statute=19-5505,high
NH,adu,state,Statewide,SB 146 (2016),At least one attached ADU in all single-family zones.,2017-06-01,In force,https://legiscan.com/NH/bill/SB146/2016,high
NH,adu,state,Statewide,HB 577 (2025),Attached or detached ADUs by right; at least 950 sf; no familial occupancy rules.,2025-07,In force,https://legiscan.com/NH/bill/HB577/2025,high
NH,missing_middle,state,Statewide,HB 631 (2025),Multifamily allowed on commercial land with adequate infrastructure (not strictly missing middle).,2026-07-01,Enacted,https://legiscan.com/NH/bill/HB631/2025,high
NH,missing_middle,state,Statewide,SB 284 (2025),Residential parking capped at 1 space per unit (1.5 for some).,2025-09-13,In force,https://legiscan.com/NH/text/SB284/2025,high
NJ,adu,city,Jersey City,"Master Plan amendment (Phase 2, R-1)",Council passed 7–1 a Master Plan amendment allowing ADUs in the R-1 one- and two-family district.,2023-10-25,In force,https://hudsoncountyview.com/jersey-city-council-votes-to-amend-master-plan-to-allow-accessory-dwelling-units/,high
NJ,adu,state,Statewide,"A4 / S50, P.L.2024 c.2",Fair-share law; ADUs can count toward municipal affordable-housing obligations. No ADU mandate.,2024-03,In force,https://states.aarp.org/new-jersey/housing-law-could-bring-more-adus,med
NJ,adu,state,Statewide,S1786 (2026–27),"Would make ADUs a permitted use on single- and two-family lots, with ministerial approval under a DCA model ordinance.",Pending,In committee (earlier S2347 passed Senate but died),https://legiscan.com/NJ/text/S1786/id/3311677,high
NJ,missing_middle,city,Jersey City,"Master Plan amendment (Phase 2, R-1)",Same amendment reportedly adds a conditional third unit on R-1 lots (raised in public comment at adoption).,2023-10-25,In force (per public-hearing testimony; confirm in ordinance),https://hudsoncountyview.com/jersey-city-council-votes-to-amend-master-plan-to-allow-accessory-dwelling-units/,med
NM,adu,city,Albuquerque,O-22-54 Housing Forward IDO amendment,Casitas/ADUs in single-family zones citywide (duplex expansion reportedly removed before adoption).,2023-07-27,In force,https://www.cabq.gov/planning/codes-policies-regulations/integrated-development-ordinance,med
NM,adu,state,Statewide,HB 554 (2025) / HB 17 (2026),Would have required one ADU per residential lot and multifamily near transit.,—,Failed (HB 17 postponed indefinitely 2026-01-26),https://fastdemocracy.com/bill-search/nm/2026/bills/NMB00012458/,high
NM,fees,state,Statewide,"Development Fees Act, NMSA 5-8","Foundational impact-fee rules (capital plan, eligible items, credits). Not a reduction.",1993,In force,https://law.justia.com/codes/new-mexico/chapter-5/article-8/,med
NM,missing_middle,city,Las Cruces,Realize Las Cruces Development Code,"Full code rewrite; multifamily and ADUs by right in all residential zones, parking minimums dropped in urban infill areas (secondary source).",2025-02-18,In force,https://zoning.buildingclub.info/new-mexico/las-cruces,low
NV,adu,state,Statewide,AB 396 (2025),"Large counties and cities 60,000+ must allow ADUs (up to 2/lot); parking capped at 1; HOAs can't ban.",Ordinances due 2026-07-01,In force,https://archive.leg.state.nv.us/Session/83rd2025/Bills/AB/AB396_EN.pdf,high
NV,fees,city,Reno,2020 affordable-housing fee reduction,Criteria for cutting permit and sewer fees on affordable projects; $10M approved in 2024.,2020,In force,https://thisisreno.com/2024/02/reno-council-approves-10-million-fee-reductions-affordable-housing/,med
NV,fees,state,Statewide,NRS 278.235 (amended 2019),Permissive: localities may cut or subsidize fees for housing at or below 60% AMI.,2019,In force,https://law.justia.com/codes/nevada/chapter-278/statute-278-235/,med
NY,adu,city,New York City,City of Yes (ADU component),"Backyard, garage and basement/attic ADUs at 1–2 family homes in low-density districts.",2024-12,In force,https://en.wikipedia.org/wiki/City_of_Yes,med
NY,missing_middle,city,New York City,City of Yes for Housing Opportunity (2024),3–5 story apartments near transit and town-center buildings in low-density districts; parking mandates ended in inner zone.,2024-12,In force,https://en.wikipedia.org/wiki/City_of_Yes,med
OH,adu,city,Columbus,ADU ordinance (2025),"ADUs by right in residential districts, no variance.",2025-11-24,In force,https://www.wosu.org/politics-government/2025-11-24/columbus-city-council-legislation-could-remove-red-tape-for-accessory-dwelling-units,high
OH,adu,city,Cincinnati,ADU legalization (2023),First Ohio city to legalize ADUs.,2023,In force,https://www.statenews.org/section/the-ohio-newsroom/2025-01-08/ohio-cities-want-more-housing-options-could-the-solution-be-in-their-backyards,med
OH,fees,state,Statewide,Home Builders v. Beavercreek (2000),No impact-fee enabling statute; home-rule fees tested under dual rational nexus. No fee reduction found.,2000,Precedent,https://www.supremecourt.ohio.gov/rod/docs/pdf/0/2000/2000-ohio-115.pdf,high
OH,missing_middle,city,Cincinnati,Connected Communities (2024),"Up to 4 units in single-family zones, especially on transit corridors; parking minimums cut.",2024-06-04,In force,https://www.wvxu.org/politics/2024-06-04/city-council-approves-sweeping-zoning-reform,high
OH,missing_middle,city,Columbus,Zone In Phase 1 (2024),Corridor mixed-use upzoning (not single-family zones); Phase 2 covering residential districts in hearings.,2024-07-29,In force (Phase 2 pending),https://spectrumnews1.com/oh/columbus/news/2024/07/30/zoning-code-columbus-city-council,med
OH,missing_middle,city,Cleveland,Form-Based Code pilot districts,"Form-based code in force in three pilot areas (Detroit Shoreway/Cudell, Hough, Opportunity Corridor); allows small multi-unit and ADUs. Council funded a consultant in 2026 to plan expansion; citywide adoption still pending.",2024 (council passage),In force (pilot areas),https://www.clevescene.com/uncategorized/cleveland-to-consider-expanding-smart-code-across-city/,med
OK,adu,city,Oklahoma City,Backyard dwellings ordinance (2025),One ADU per parcel in core-area Urban Medium/High land.,2025-06-20,In force,https://www.okc.gov/News-articles/OKC%E2%80%99s-%E2%80%9Cbackyard-dwellings%E2%80%9D-ordinance-now-in-effect,high
OK,adu,city,Tulsa,ZCA-25 Housing Feasibility zoning amendments,"Easier garage apartments and backyard cottages (ADUs), cottage-house developments, housing in commercial districts, office/hotel conversions, lower parking.",2024-10-30,In force,https://cityoftulsa.org/press-room/tulsa-city-council-passes-zoning-code-amendments-to-encourage-housing-development/,high
OK,missing_middle,city,Tulsa,ZCA-25 cottage-house developments,Cottage-house developments allowed as part of the same package; no 2–6 unit by-right rule on single-family lots.,2024-10-30,In force,https://www.cityoftulsa.org/apps/CouncilDocuments?item=47238,med
OR,adu,state,Statewide,SB 1051 (2017),"Cities over 2,500 and counties over 15,000 must allow one ADU per detached house inside the UGB.",2018-07-01,In force (ORS 197A.425),https://olis.oregonlegislature.gov/liz/2017R1/Measures/Overview/SB1051,high
OR,adu,state,Statewide,HB 2001 (2019),Bars owner-occupancy and off-street parking conditions on ADUs.,2019,In force,https://olis.oregonlegislature.gov/liz/2019R1/Measures/Overview/HB2001,high
OR,fees,city,Portland,Housing SDC Exemption Program (2025),New housing units permitted 2025-08-15 to 2028-09-30 may be exempt from system development charges.,2025-08-15,In force (temporary),https://www.portland.gov/sdc,med
OR,fees,state,Statewide,HB 2138 (2025),Directs model SDC rules by 2028; no direct cap. No statewide SDC cut found.,Rules due 2028,Enacted,https://olis.oregonlegislature.gov/liz/2025R1/Downloads/MeasureAnalysisDocument/93214,low
OR,missing_middle,state,Statewide,HB 2001 (2019),"Cities over 25,000 and Metro: duplex through fourplex, townhouses and cottage clusters in residential zones. Cities 10,000–25,000: duplexes.",Compliance 2021-06-30 / 2022-06-30,In force (ORS 197A.420),https://olis.oregonlegislature.gov/liz/2019R1/Measures/Overview/HB2001,high
OR,missing_middle,state,Statewide,SB 458 (2021),Expedited land division so each middle-housing unit can sit on its own lot.,2022-07-01,In force,https://olis.oregonlegislature.gov/liz/2021R1/Measures/Overview/SB458,high
OR,missing_middle,state,Statewide,HB 2138 (2025),"Widens middle-housing coverage (Metro cities 1,000+, duplexes in cities 2,500–25,000), affordable density bonus, covenants void 2027.",2025; covenants 2027-01-01,In force,https://www.oregon.gov/lcd/LAR/Documents/HB2138_2025_Enrolled.pdf,high
PA,adu,city,Philadelphia,2019 historic-preservation ADU amendment,ADUs by right only inside locally designated historic buildings (owner-occupancy deed restriction); later council overlays barred ADUs in most districts.,2019,In force (narrow),https://www.phila.gov/media/20191104081704/8-20-2019-PCPC-Minutes.pdf,med
PA,adu,city,Pittsburgh,ADU Overlay District (2018 pilot) / Bill 2025-1545,ADUs allowed only in overlay districts since the 2018 Garfield pilot. Citywide by-right ADUs and parking-minimum repeal pending (council hearing 2026-09-23).,2018 / pending,Overlay in force; citywide bill pending,https://engage.pittsburghpa.gov/implementing-housing-needs-assessment,high
PA,adu,state,Statewide,HB 2186 (2026),"Would require one ADU by right per residential lot statewide, with reasonable local standards.",Pending,Passed House 2026-06-01; in Senate Urban Affairs & Housing,https://www.housingwire.com/articles/pennsylvania-adu-bill/,high
PA,missing_middle,city,Pittsburgh,Bill 2025-1579 minimum lot size reform,New (smaller) minimum lot size requirements.,2025-05-05,In force,https://engage.pittsburghpa.gov/implementing-housing-needs-assessment,med
PA,missing_middle,state,Statewide,HB 2185 (2026),Would require larger or denser municipalities to allow duplex–quadplex in single-family zones.,Pending,In House Local Government Committee,https://housingalliancepa.org/pahra-webpage/,med
RI,adu,state,Statewide,H 7062 / S 2998 (2024),"One ADU by right on lots of 20,000+ sf, inside existing footprints, or for disabled family; size floors; parking capped.",2024-06-25,In force,https://webserver.rilegislature.gov/BillText24/HouseText24/H7062A.pdf,high
RI,missing_middle,state,Statewide,H 5798 / S 1083 (2025),Townhouses on own lots with zero-lot-line setbacks where multi-unit is allowed.,2026-01-01,Enacted,https://webserver.rilegislature.gov/BillText25/HouseText25/H5798Aaa.pdf,high
RI,missing_middle,state,Statewide,H 5794 / S 1086 (2025),Oversized-lot subdivisions without zoning relief.,2025,Enacted,https://webserver.rilegislature.gov/BillText25/HouseText25/H5794B.pdf,high
SC,adu,city,Charleston,"Ord. 2020-116 (+2022-069, 2025-086)","ADUs accessory to single-family homes in all base districts (owner-occupancy, 850 sf).",2020-09-08,In force,https://www.aduzoning.org/adu-rules/charleston-sc/,med
SC,fees,state,Statewide,SC Development Impact Fee Act (1999),Proportionate share and housing-affordability impact report required. Not a reduction.,1999,In force,https://law.justia.com/codes/south-carolina/title-6/chapter-1/section-6-1-930/,high
SD,adu,city,Minnehaha County (Sioux Falls area),County zoning ADU amendment,"ADUs allowed in all districts that allow single-family homes, by conditional use permit.",Summer 2025,In force,https://www.minnehahacounty.gov/dept/pl/informationalBrochures/AccessoryDwellingUnits.pdf,high
TN,adu,city,Nashville,BL2025-1007,Detached ADUs in RS/R/RM/AG districts of the Urban Services District (owner-occupancy of one unit).,2025-12-12,In force,https://www.aduzoning.org/adu-rules/nashville-tn/,med
TN,fees,state,Statewide,"County Powers Relief Act, amended 2024",County development tax capped at $1.50/sf with a 4-year moratorium after increases.,2024-05-21,In force,https://law.justia.com/codes/tennessee/title-67/chapter-4/part-29/section-67-4-2908/,med
TX,adu,city,Houston,Livable Places amendments (2023),"Second dwelling units up to 1,500 sf; new multi-unit, courtyard and narrow-lot types.",2023-11-27,In force,https://www.houstontx.gov/planning/pressrelease-20230927.html,high
TX,adu,city,San Antonio,UDC amendments (2022),"ADU separate utilities, two-story ADUs, fewer limits (owner-occupancy kept).",2023-01-01,In force,https://sanantonioreport.org/city-council-approves-nearly-200-changes-unified-development-code/,high
TX,fees,state,Statewide,HB 852 (2019),Cities can't base residential permit or inspection fees on home value or construction cost.,2019,In force,https://capitol.texas.gov/tlodocs/86R/billtext/html/HB00852F.htm,high
TX,fees,state,Statewide,SB 1883 (2025),"Impact-fee reform: 2/3 council vote, CPA audit, 3-year freeze on increases, AG enforcement.",2025-09-01,In force,https://capitol.texas.gov/tlodocs/89R/billtext/html/SB01883F.htm,high
TX,fees,state,Statewide,Loc. Gov't Code ch. 395,Foundational impact-fee law: capital-improvements plan and cap required.,1987,In force,https://statutes.capitol.texas.gov/Docs/LG/htm/LG.395.htm,high
TX,missing_middle,city,Houston,Minimum lot size reform (1998; Ord. 2013-343),"Minimum lot size cut from 5,000 to 3,500 sf (about 1,400 with open space); extended citywide 2013.",1998 / 2013-04-24,In force,https://www.huduser.gov/portal/periodicals/cityscape/vol26num3/ch9.pdf,high
TX,missing_middle,city,Austin,HOME Phase 1 (Ord. 20231207-001) & Phase 2 (Ord. 20240516-006),"Up to 3 units on SF lots; minimum lot size cut to 1,800 sf.",2023-12-07 / 2024-05-16,In force,https://www.austintexas.gov/development-services/home-amendments,high
TX,missing_middle,state,Statewide,SB 15 (2025),"Large cities: new 5+ acre single-family tracts can't require lots over 3,000 sf; setback and parking caps.",2025-09-01,In force,https://capitol.texas.gov/tlodocs/89R/billtext/html/SB00015F.htm,high
TX,missing_middle,state,Statewide,HB 24 (2025),Raises the neighbor protest threshold for pro-housing rezonings from 20% to 60%.,2025-09-01,In force,https://capitol.texas.gov/tlodocs/89R/billtext/html/HB00024F.htm,high
UT,adu,city,Salt Lake City,ADU text amendment (2023),"Eased ADU rules; owner-occupancy kept citywide, incentive program planned.",2023-04-04,In force,https://www.slc.gov/council/completed-projects/adu-text-amendment/,high
UT,adu,state,Statewide,HB 82 (2021),Internal ADUs permitted in all primarily residential zones (cities may still require owner-occupancy and 1 parking space).,2021-05-05,In force,https://le.utah.gov/~2021/bills/hbillenr/HB0082.pdf,high
UT,adu,state,Statewide,SB 34 (2019) / HB 462 (2022),Cities must adopt moderate-income strategies from a menu including ADUs and fee cuts; reporting enforced.,2019-05-14 / 2022-06-01,In force,https://le.utah.gov/~2019/bills/sbillenr/SB0034.pdf,high
UT,adu,state,Statewide,SB 284 (2026),"Larger cities must allow detached ADUs on lots of 11,000 sf or more; cities keep setbacks, parking and owner-occupancy rules.","2026 (local policies due ~Oct 2026, unverified)",Enacted,https://buildingsaltlake.com/election-year-blues-for-housing-bills-2026-utah-legislative-wrap-up/,med
UT,fees,state,Statewide,"Impact Fees Act, Utah Code 11-36a",Proportionate share required; no impact fees on internal ADUs.,Current version 2025-11-06,In force,https://law.justia.com/codes/utah/title-11/chapter-36a/part-2/section-202/,med
UT,fees,state,Statewide,HB 306 (2024) Residential Housing Amendments,"Would have made starter homes a permitted use on 5,400 sf lots; the starter-home impact-fee ban was stripped in the substitute.",—,Failed (2024),https://luau.utah.gov/wp-content/uploads/APA-Utah-Spring-2024-Legislative-Update.pdf,high
UT,missing_middle,city,Salt Lake City,Expanding Housing Options (pending),Would allow small homes and townhomes in R-1/R-2/SR districts.,Pending (PC hearing 2026-09-23),Not adopted,https://link.slc.gov/expanding,med
UT,missing_middle,state,Statewide,HB 37 (2025),Voluntary: adds middle-scale multifamily and density bonuses to the moderate-income housing strategy menu.,2025,Enacted,https://le.utah.gov/~2025/bills/hbillenr/HB0037.pdf,med
UT,missing_middle,state,Statewide,HB 184 (2026) Small Lots and Starter Homes,Would have let builders petition for smaller minimum lots.,—,Failed,https://le.utah.gov/~2026/bills/static/HB0184.html,high
VA,adu,state,Statewide,SB 531 (2026),Every locality must permit ADUs in single-family zones; permit fees capped at $500.,2027-07-01,Enacted,https://legiscan.com/VA/bill/SB531/2026,high
VA,fees,state,Statewide,SB 549 (2016) / SB 1373 (2019),Bans unreasonable residential rezoning proffers (developer exactions).,2016-07-01 / 2019-07-01,In force,https://legiscan.com/VA/bill/SB549/2016,high
VA,fees,state,Statewide,HB 1144 (2026),Localities may waive water/sewer connection fees for affordable housing.,2026-07-01,In force,https://legiscan.com/VA/bill/HB1144/2026,high
VA,missing_middle,city,Arlington,Expanded Housing Option (2023),"4–6 units per lot in R-5 to R-20, capped at 58 permits/yr; litigation ongoing.",2023-03-22 (permits reopened 2025-10-01),In force; in litigation,https://www.arlingtonva.us/Government/Programs/Housing/Housing-Arlington/Tools/Missing-Middle,high
VA,missing_middle,state,Statewide,HB 1212 (2026),"Localities over 50,000 must allow single-family homes on 3,000 sf / 30 ft lots (small-lot, not multi-unit).",2026-07-01,In force,https://legiscan.com/VA/bill/HB1212/2026,high
VT,adu,state,Statewide,S.100 / Act 47 HOME Act (2023),One ADU by right; size up to 30% of house or 900 sf; parking capped per bedroom.,2023,In force,https://legislature.vermont.gov/statutes/section/24/117/04412,med
VT,missing_middle,state,Statewide,S.100 / Act 47 HOME Act (2023),Duplexes wherever single-family is allowed; up to 4 units where sewer/water; 5+ units/acre minimum density.,2023-06,In force (24 V.S.A. §4412),https://legislature.vermont.gov/Documents/2024/Docs/ACTS/ACT047/ACT047%20As%20Enacted.pdf,high
VT,missing_middle,state,Statewide,H.687 / Act 181 (2024),Act 250 exemptions for housing in designated areas.,2024-06,In force,https://legislature.vermont.gov/bill/status/2024/H.687,med
WA,adu,state,Statewide,SB 5235 (2021),Limits ADU owner-occupancy requirements and unrelated-occupant caps.,2021-07-25,In force,https://app.leg.wa.gov/billsummary?BillNumber=5235&Year=2021,med
WA,adu,state,Statewide,HB 1337 (2023),"Two ADUs per lot in UGAs; no owner-occupancy; size cap at least 1,000 sf; no parking near transit.",2023-07-23; local deadline ~mid-2025,In force (RCW 36.70A.681),https://app.leg.wa.gov/RCW/default.aspx?cite=36.70A.681,high
WA,fees,state,Statewide,ESB 5923 (2015),"Cities must let single-family builders defer impact fees to final inspection, CO or closing.",2016-09-01,In force (RCW 82.02.050),https://app.leg.wa.gov/RCW/default.aspx?cite=82.02.050,high
WA,fees,state,Statewide,SB 5258 (2023),"Impact fees must scale with unit size, bedrooms or trips, so smaller units pay less.",2023-07-23,In force (RCW 82.02.060),https://app.leg.wa.gov/billsummary?BillNumber=5258&Year=2023,high
WA,fees,state,Statewide,HB 1337 (2023),ADU impact fees capped at 50% of the principal unit's fee.,2023-07-23,In force,https://app.leg.wa.gov/RCW/default.aspx?cite=36.70A.681,high
WA,missing_middle,state,Statewide,HB 1110 (2023),"Cities 25,000+: 2 units/lot (4 near transit). Cities 75,000+: 4 units/lot (6 near transit or with affordability).",2023-07-23; local deadline ~mid-2025,In force; amended by HB 2321 (2024),https://app.leg.wa.gov/billsummary?BillNumber=1110&Year=2023,high
WA,missing_middle,state,Statewide,HB 1096 (2025),"Administrative lot splits down to 1,000 sf lots in larger cities.",2025-07-27,In force,https://app.leg.wa.gov/billsummary?BillNumber=1096&Year=2025,high
WI,adu,city,Madison,Legistar 68079 / 81952 / 86650,"ADUs permitted (2021); owner-occupancy removed (2024); 1,000 sf cap (2025).",2021-12-07 / 2024-04-16 / 2025-02-25,In force,"https://webapi.legistar.com/v1/madison/matters?$filter=substringof('accessory%20dwelling',MatterTitle)",high
WI,adu,city,Milwaukee,File 240999,"Internal, attached and detached ADUs legalized, including in RS districts (owner-occupancy at permit).",2025-07-15,In force,https://urbanmilwaukee.com/2025/07/15/after-lengthy-debate-council-legalizes-carriage-homes/,high
WI,fees,state,Statewide,2017 Wisconsin Act 243,"Impact fees over $75,000 deferrable up to 4 years; spend-or-refund rules; annual fee reports for cities over 10,000.",2018-04-05,In force,https://docs.legis.wisconsin.gov/2017/related/acts/243,high
WI,fees,state,Statewide,Wis. Stat. 66.0617,Impact fees proportional to capital costs; low-cost housing may be exempted.,Amended 2018,In force,https://docs.legis.wisconsin.gov/document/statutes/66.0617,high
WI,missing_middle,city,Green Bay,Zoning code update (2025),Duplexes by right in former single-family districts; 3–4 units by CUP; lot minimums cut 20–50%.,2026-01-06,In force,https://www.wpr.org/news/green-bay-zoning-code-housing-affordability-crisis,med
WI,missing_middle,city,Madison,Legistar 86650 Housing Forward,Eased design and open-space rules for duplexes/triplexes where already allowed.,2025-02-25,In force,https://www.wpr.org/news/madison-common-council-zoning-changes-missing-middle-housing,high
WV,adu,state,Statewide,SB 659 (2026),"One ADU by right per single-family lot; no parking, owner or setback add-ons.",2026-06-04; ordinances void 2027-01-01,In force,https://www.wvlegislature.gov/Bill_Text_HTML/2026_SESSIONS/RS/bills/sb659%20sub1%20enr.pdf,high
WV,fees,state,Statewide,SB 659 (2026),ADU impact fees and review fees each capped at $250.,2026-06-04,In force,https://www.wvlegislature.gov/Bill_Status/bills_history.cfm?input=659&year=2026&sessiontype=RS&btype=bill,high
WY,adu,city,Cheyenne,UDC ADU amendment (2026),Removed owner-occupancy; allows flat-over-flat ADUs; flexible parking.,2026-02,In force,https://citizenportal.ai/articles/7340620/wyoming/laramie-county/cheyenne/cheyenne-council-approves-change-easing-rules-for-accessory-dwelling-units,med
