id,study,comparison_design,comparison_group_definition,similarity_covariates,how_similarity_enters_estimation,pretreatment_fit_or_balance_checks,unit_of_analysis,outcome_variable,outcome_standardization,treatment_definition_and_dose,time_alignment_and_anticipation,spillover_handling,inference_method,robustness_checks,data_construction_and_cleaning,stated_limitations,where_in_paper,confidence
E001,"Greenaway-McGrevy & Phillips (2023) JUE 136:103555, Auckland upzoning & construction",Multi-period DiD (event-study) + partial/set identification of counterfactual (Rambachan-Roth style) to bound spillovers,"Non-upzoned residential land (mainly Single House zone and residential parcels whose FAR did not rise) within same suburb, vs upzoned THA/MHU/MHS land (~75% of residential land). Excluded Large Lot and Rural & Coastal Settlement zones, Hauraki Gulf islands, and pre-2017 Special Housing Area permits.","No matching. Suburb-zone FE absorb levels. For spillover mechanism: Manhattan distance to CBD, distance to nearest highway onramp, undeveloped residential land area, zoning concentration. Robustness controls: floorspace, building age, garages, distance to CBD/onramp/rapid-transit station.","y_ijt = alpha_ij (suburb x zone-type FE) + phi_s (period FE) + sum beta_s 1{s=t, upzoned}; robustness replaces common period FE with SA-specific period effects (neighbourhood-specific trends). Counterfactual set: extrapolate control-group pre-trend linearly and allow deviation M*t/T (main M=14, ~4x extrapolated trend) to absorb displacement from controls.",Event-study pre-coefficients flat ('no apparent trend prior to treatment'); App. A3 structural-break test: significant post-2015 trend reduction only in control group; land-price and sales-volume placebo with 2012 date show no differential pre-trends.,Suburb (SA) x zone-type cell by year; 479 Statistical Areas; annual 2010-2021,"Number of new dwellings in building consents (permits), split attached vs detached; extensions excluded",Levels (not logs) so counterfactual bounds can be built; results aggregated to city totals and expressed as % of dwelling stock (~4.1%); completions approximated with 95%/99% conversion rates. No per-capita scaling.,"Binary: upzoned if zone FAR (storey limit x site coverage ratio, computed for ~115 legacy residential zones across 7 former councils) rose under AUP. Heterogeneity by destination zone (THA, MHU, MHS).","Draft AUP March 2013, notified Sept 2013 (interim build-to-PAUP), operative Nov 2016. Treatment dated 2015 = pre-intervention peak of control permits (conservative, captures anticipation). Alternatives 2013/2014/2016.",Core feature: displacement from control to treated areas would inflate DiD; handled by set identification bounding control trend (M parameter) without assuming spillovers decay with distance. Mechanism regressions show spillover tied to undeveloped (greenfield) land in controls.,SEs clustered by SA; fixed-length confidence intervals (FLCI) per Rambachan-Roth for bounded sets; Newey-West panel SEs (bandwidth 2) for control-trend break test.,Alternative treatment dates 2013/14/16; alternative treatment/control delineations (THA/MHU/MHS vs SH only; excluding downzoned areas; including SpHA permits); SA-specific period FE; zone-by-zone effects; sales volume and land-price analyses.,"Consents geocoded (lat/long) and overlaid on pre- and post-AUP planning maps; missing coordinates repaired by nearest parcel (<2% of sample); dwelling counts summed by SA-year. No demolition data (demolition permits only for >3-storey), so figures are gross.",Counterfactual depends on extrapolated linear trend specification ('point estimates will be sensitive'); allocation of spillovers across zones uses baseline construction weights; permits still trending up in 2021 so full effect unknown; permits not completions; gross not net of demolitions.,"Sec 2-3 (data, zoning, p4-6), Eq.1 p6, Sec 4 (p7-13), App A2-A5 (p17-18)",full text
E002,"Greenaway-McGrevy (2026) Econ Modelling 160:107592, Auckland synthetic control","Synthetic control (Abadie-style, demeaned / Ferman-Pinto fixed-effects SC)","Donor pool = other New Zealand Functional Urban Areas (commuting-zone based urban areas; 53 FUAs incl. Auckland). Excluded Christchurch (2011 earthquake idiosyncratic shock) and Warkworth (inside Auckland Council jurisdiction). NOTE: units are FUAs, not regions; TA-level and Australian-state donor variants in robustness.","Baseline: pre-treatment outcomes only (all years 1991-2015). Covariate variant: population growth, household income growth, dwellings growth (log differences at census years 1991/96/01/06/13).",Nested Abadie optimisation: W on simplex minimising ||X1-X0W||_V; V chosen by CMA-ES (stochastic optimiser) to minimise pre-period RMSPE. Outcomes demeaned by subtracting each unit's pre-treatment average (equivalent to FE-SC; allows matching changes not levels).,"Weights: Tauranga 0.573, Kapiti Coast 0.213, Wellington 0.111, Hamilton 0.102. Visual fit good except early-2000s (4 consecutive years above synthetic; max abs gap 2.8 in 2002). Backdating test with 2010 placebo date.","Functional Urban Area x year, annual 1991-2023",New dwelling permits (consents),"Permits per 1,000 residents ('permitting rate'), June population estimates; pre-1996 population backcast/interpolated from 1991-96 census growth; demeaned. Also 3-yr moving-average smoothing variant. Cumulative excess permits expressed as % of total permits (46%).",Binary city-wide reform (AUP upzoned ~3/4 of residential land).,Main date 2016 (AUP operative Nov 2016); alt 2013 (Housing Accord allowed PAUP rules from Sept 2013); in-time placebo 2010.,"Ran SC for each major donor (Tauranga, Hamilton) with Auckland reform as 'intervention' to test for displacement/positive spillovers: no persistent deviation; population growth in donors not reduced before 2020.","Rank permutation (placebo-in-space) on post/pre RMSE ratios; new one-sided 'Positive Error RMSE ratio'; Auckland ranks 1/51, p=0.02.",Leave-one-out donors; drop Hamilton+Tauranga (46.6%) or Wellington+Kapiti (42.3%); alt dates 2013 (47.5-50.5%) and 2010 backdate; 3-yr MA smoothing; Territorial-Authority units instead of FUAs (49.2%); add 5 Australian states to donor pool (little weight).,Stats NZ consents and population by urban area 1991-2023; census covariates; notes completion rates >90% via CCC data.,"Permits not completions; no intercensal dwelling stock; no demolition records; covariate inclusion can worsen outcome fit vs omitting covariates biases SC; SC overestimates Auckland dwelling growth, possible bias.","Sec 3 data (p9-11), Sec 4.1 method (p17), Table 1 p18, Fig 6 p19, Sec 4.2-4.4 (p22-37)",working paper version
E003,"Greenaway-McGrevy, Pacheco & Sorensen (2021) Urban Studies 58(5), Auckland upzoning & redevelopment premium",Repeat-sales hedonic difference-in-differences with zone x intensity interaction (pre vs post AUP),"Properties in AUP Single House zone (least permissive; 25.5% of sample) as quasi-control vs Mixed Housing Suburban, Mixed Housing Urban, Terrace Housing & Apartments (treated). Pre-AUP zoning of each house not used.","Hedonic controls: log land area, log floor area, 2+ storey dummy, bedrooms, bathrooms, building age, log distance to CBD, log median household income. Key moderator: intensity ratio = improvement value / total assessed value (1 - LV/AV), a proxy for teardown opportunity cost.","Repeat-sales differencing removes time-invariant property effects; annualised log price change regressed on zone dummies, intensity, zone x intensity, and time-invariant hedonic controls. No area-unit FE in main model.",Placebo pre/post windows entirely before March 2013 draft AUP (three pairs): zone x intensity terms mostly insignificant (no anticipation of which areas upzoned). Intensity-ratio means similar across zones (0.41-0.45); population-density distributions similar across zones.,"Property (repeat-sale pair); n=2,340 (3,695 expanded)",Log sale price (chattels removed); annualised appreciation between pre and post sale,"Annualised % change in price (log difference / years between sales, mean gap 5.64 yrs).","Binary by destination zone (3 upzoned zones vs SH), plus interaction with continuous intensity ratio; redevelopment premium = coefficient on intensity; upzoning effect on premium = zone x intensity.",Pre sales 2010-2012 (before draft AUP March 2013); post sales Sept 2016-Dec 2017 (after Aug 2016 decisions version). Alternative windows tested.,Not addressed.,"Conley (1999) spatial HAC SEs, 10 km radius, triangular kernel.","Alternative pre/post windows (2007-09, 2007-12, 2014-17 post); expanded sample incl. non-exclusive land ownership (apartments, cross-leases).","CoreLogic NZ sales 2010-2017 with assessed land/improvement values; lat/long matched to ~133k AUP polygons; ~5% on polygon boundaries and 40% on road frontage repaired by nearest residential zone within 1.11 m; dropped vacant, leasehold, non-exclusive ownership, floor area <10 or >500 m2, land >10 ha, coverage >1, multiple sales in a quarter, missing.","Pre-AUP zoning not controlled (THA areas may already have permitted density, attenuating estimates).","EPC WP 002 (2018): Sec 5.1-5.5, eq.(4) p14-16, Tables 3-5, App 7.3",working paper version
E004,"Maltman & Greenaway-McGrevy (2025) JHE 67:102032, Lower Hutt upzoning","Synthetic control for single treated TA (demeaned), plus SCs for neighbouring TAs to quantify displacement","Donor pool = NZ Territorial Authorities (59 in published version) excluding Auckland (same intervention 2016), Christchurch (earthquake), Chatham Islands (tiny/remote) and the four other Wellington-region TAs (Wellington City, Upper Hutt, Porirua, Kapiti Coast) to avoid spillover contamination.","Main: outcome in every pre-treatment year 1996-2017. Alternative: intercensal population growth, intercensal income growth, dwellings per capita, Stats NZ projected population growth to 2040, and outcome in census years + 2017.","Abadie W on simplex minimising ||X1-X0W||_V, V chosen to minimise pre-period RMSPE; outcomes demeaned by pre-treatment average (Ferman-Pinto 2021 rationale citing Abadie 2021).","Visual fit close 1996-2017 (no numeric RMSPE reported). Weights: Timaru 0.583, Wairoa 0.158, Opotiki 0.088, Waipa 0.075, Tasman 0.070, Selwyn 0.003; alt spec South Waikato 0.513, Tasman 0.204.","Territorial Authority x year, annual (monthly aggregated because monthly noise impairs SC)","Consents for new dwellings; by type (houses, townhouses, apartments, retirement units); population; hedonic rent index (published version)","Consents per 1,000 residents, demeaned; robustness with raw counts, pre-mean-normalised, and log-normalised consents (effects 2,950-3,274 units, all rank 1). Rents: hedonic rental index (MHUD new-tenancy bonds, double imputation), 2017=1.","Binary: Plan Change 43 (medium-density, notified Nov 2017); related PC39 (parking), parking minimum removal 2020, PC56 (MDRS 2022-23) treated as part of reform sequence.",Treatment year 2018 = first full year after PC43 notification (Abadie: first period outcome can react); robustness 2020 (partially operative) gives smaller effect (51.8% vs 66%). Notes concurrent fee waiver (2012-18) would bias toward underestimate.,"Separate SCs for each other Wellington-region TA (and pooled) with Lower Hutt reform as intervention; none significant; point-estimate deficits (921 or 1,488 units) subtracted to give regional net +12-17% (abstract of published: 10-18%).","Placebo-in-space permutation with one-sided 'positive-error' MSPE ratio; rank 1/60, p=0.017; two-sided for spillover TAs.",Leave-one-out donors; alt treatment date 2020; outcome transformations; population-growth SC to rule out COVID in-migration shock; covariate-based alternative predictor set.,Stats NZ monthly consents aggregated to annual 1990-2023; subnational population from 1996 (limits pre-period); rents from MHUD tenancy bond data via Greenaway-McGrevy & So (2024) hedonic index.,Consents not completions (Stats NZ does not track completions; CCC proxy ~91%); hard to decompose effect across overlapping plan changes; gradual implementation; population denominator limits pre-period.,"WP 018: Sec 2.2, 3.2-3.4 (p12-15), Table 1 p17, Sec 4.1-4.3 (p18-26), Sec 5 (p27-34); published JHE Sec 6 (rents)",working paper version
E006,"Anagol, Ferreira & Rexer (2026) AEJ:Policy 18(3), Sao Paulo zoning reform","Spatial regression discontinuity at treatment/control block boundaries (cross-section of post-period outcomes and RD-in-time event study), fuzzy-RD/IV scaling by change in max BAR (FAR), plus structural supply/demand model",Control = blocks whose max building-to-area ratio (BAR) did not rise (or fell) under 2016 zoning; running variable = signed km distance to nearest block of the other group. Main spec uses all data (no bandwidth restriction).,"Balance on pre-reform block covariates: density, land/construction value, building counts, residential/commercial share, employment, wages, firm counts (1 of 12 significant at 10%). Acknowledge treated blocks had lower pre-reform max BAR.","RD: y = beta*1{x>0} + f(x) (linear/quadratic/cubic polynomial, interacted with side) + subprefeitura FE. First stage: ~1.4-point jump in max BAR at boundary; IV scales reduced form per 1 unit BAR. CCT optimal-bandwidth (~95 m, triangular kernel) as robustness.","Covariate balance tables/figures (App. A9-A10, Table A1); RD-by-half-year event study: pre-reform estimates insignificant.",City block x quarter (3.2M block-quarter obs; ~45k blocks),"Count of new building permits (filed and approved), multifamily vs single-family; units; medium-run listings and prices",Raw counts per block-quarter (not logged); effects expressed as % of control mean at boundary; Poisson in supply model to handle zeros.,Continuous dose via BAR: treatment = any increase in max BAR 2004->2016 map; IV per 1-unit increase in max BAR (28-63% more MF permits per unit BAR in manuscript).,"Reform effective 2016Q2; pre 2012Q2-2016Q1, post to 2019Q4; effect emerges ~1 year (two half-years) after reform; no pre-reform anticipation detected.",Spatial DiD comparing all near-boundary blocks (treated+control) with 'pure control' blocks >0.5 km away; no evidence of reduced permitting in adjacent control blocks.,SEs clustered by commuting zone (329); Conley SEs at 1/5/10/20 km as robustness.,Polynomial order; optimal bandwidth; approved vs filed permits; single-family placebo (null); multiplicative-error and linear 2SLS (KP F) supply models.,"~30k residential permits 1997-2020 scraped from SMUL with address/zoning; zoning maps 2004 and 2016 digitised at block level (45,082/46,987 blocks matched, 96%); IPTU cadastre (3.3M units) collapsed to blocks; Properati and DataZap listings.",Informal construction unobserved; enforcement/bribery possible; no pre-reform listings so no parallel-trend test for medium-run; demand IV exclusion concerns; no forward-looking households.,"Manuscript (June 2024): Sec 3.1-3.4 (p10-12), Sec 4.1-4.3 (p13-18), Tables 1-3, fn 15-18",working paper version
E007,"Büchler & Lutz (2024) JUE 143:103689, Canton of Zurich upzonings","Staggered event-study DiD (TWFE and Sun-Abraham interaction-weighted), last-treated as controls","Last-treated rasters (upzoned 2015-2020) in other municipalities serve as controls for earlier cohorts; sample limited to rasters at least partly residential in 1995; downzoned or residential-to-other rezoned rasters dropped (4,208).","Controls: number of buildings in raster, changes in property-tax location categories on treated and neighbouring rasters. Descriptives show last-treated closer to CBD/transit and higher rent growth (argued to bias against findings). PS-weighted doubly robust estimator as robustness (App D.9; covariates only in appendix, not seen).","Raster FE + period FE + controls; event-time dummies -15..+15 years (5-year bins), ref -5; Sun-Abraham to avoid negative weighting under heterogeneous effects; Callaway-Sant'Anna robustness.",Pre-period event coefficients; anticipation robustness (App D.6); comparison of early vs last-treated means (Table 2).,"100 m x 100 m raster cell x 5-year period (1995-2020), 168 municipalities",Housing units; living space (m2); hedonic rent; nominal rent per m2,Logs of units and floor space (zero handling not described in main text); hedonic rent from ~600k scraped listings.,Binary cohort indicator for upzoning = increase in allowed FAR; dose split at median FAR increase 30.7% (range 0-640%) into large vs small; bindingness = pre-period average floors vs maximum allowed floors.,"Data aggregated to 5-year periods; cohort = period of upzoning (e.g., 1996-2000 -> 2000); rent heterogeneity uses cohorts from 2005 and split at median 2005 hedonic rent.",Separate spillover regression on never-treated rasters with treated neighbours: dose = sum of FAR changes in adjacent rasters; controls = rasters with last-treated neighbours; rasters with neighbours treated at different times excluded.,SEs clustered by municipality; 95% CIs.,Callaway-Sant'Anna; lagged/no controls; exclude City of Zurich; alt FAR thresholds; MAUP (raster size); anticipation; balanced panel; changes-on-changes; PS-weighted doubly robust.,Zoning plans digitised by Statistical Office 1996-2020 and rasterised; Federal Register of Buildings and Dwellings (~850k units); web-scraped rents 2004-2020.,No built FAR so bindingness proxied by floors; rent data only from 2004; Swiss institutional context.,"Sec 3.1-3.3, Sec 4.1 (eq 1), Sec 4.3 (spillovers), Sec 5.3 robustness, Online App D",full text
E008,"Kulka, Sood & Chiumenti (2022) FRB Boston WP 22-10 / REStat 'Under the (Neighbor)Hood', Greater Boston",Cross-sectional boundary discontinuity at within-town regulation boundaries (lot level),"Properties within 0.3 miles either side of 'admissible' regulation boundaries inside a single town AND school attendance area; boundaries intersecting highways, major roads, rivers/streams/lakes removed; 15 municipalities lacking attendance-zone data dropped (86 towns).","Amenity continuity: distance to water, town centre, highways, schools, open space regressed on boundary FE + distance bins; pre-1956 building-type composition as falsification. Price regressions deliberately exclude house characteristics (endogenous to regulation); indirect-effect spec adds unit characteristics.","Boundary-segment FE + linear distance function estimated separately each side + year FE; regulation indicators for scenario (DUPAC only, MF+DUPAC, height+DUPAC, etc.). Donut RD (exclude 0-0.1 mi) for neighbourhood-density spillovers.",Pre-1956 buildings show no type differences across present boundaries (Table 2); amenity-continuity plots (Fig 2).,Residential building / lot (Warren Group assessor records 2010-2018),Units per building; LPM indicators for 2-3 unit and 4+ unit vs single-family; log owner cost; log rent,Units per building (levels) and % of mean; owner cost = 6.29% of assessed value; rents from CoStar (5+ units) or imputed via regression on CoStar/Warren/ACS.,"Discrete regulation differences across boundary: multifamily allowed (0/1), max height, DUPAC (lots per acre after min lot size x max units per lot) - analysed by combination scenario.",Cross-sectional; supply samples restricted to buildings built after 1918 or 1956 (zoning milestones) to avoid grandfathered stock.,Neighbourhood density (share of 2-3 and 4+ unit buildings within 0.1 mi) in donut RD for price externalities.,SEs clustered at boundary level.,Bandwidth 0.05-0.35 mi; year-built controls.,MAPC zoning atlas (lot-level regulations); Warren Group assessor; CoStar rents; NCES SABS 2016 school attendance boundaries; Chapter 40B locations. Code on GitHub (nchiumenti/boston_zoning).,"Direct effect includes option value and housing-type changes; cannot separate distaste for density from supply effects; zoning snapshot, little temporal variation; CoStar skews high end.","Nov 2021 predecessor 'Local Barriers to Housing Density and Reducing Costs' (QMUL seminar version): Sec 3-5, eq 1-2 p20-21, Tables 1-5, Fig 7",working paper version
E009,"Liao (2023) JMP, NYC rezonings (2004-2013)","Event-study DiD, upzoned areas vs adjacent buffer","Parcels outside rezoning boundary within 1,000 ft (adjacent ring); parcels in any other rezoning (incl. downzonings/contextual) removed from control.","No matching; relies on proximity. Parcel/building characteristics (age, size, lot area) as controls; Table 3 shows baseline differences (treated lower max FAR 1.375 vs 1.755).",Y_it = tract FE + rezoning-district FE + sub-borough-area x year FE + event-time dummies (-3..+7) x treated + X_it. SBA-year FE absorb local shocks; pooled 0-3 / 4-7 yr bins.,Event-study pre-coefficients flat; no formal balance test.,Parcel x year (PLUTO 2002-2018),Residential units; sale prices; migration (Infutor),Log(residential units per parcel) (zero handling not discussed); log price per unit (pre-2004 buildings; 2-yr bins).,Rezoning = upzoning if district-wide residential capacity (lot area x max residential FAR) rises >=20%; dose: no/moderate (<=50%)/substantial (>50%) parcel capacity increase.,"Rezonings adopted 2004-2013, outcomes to 2018; effects significant only 2-3 yrs after; staggered timing handled with standard TWFE (no Sun-Abraham/CS).","Rings 1,000-2,000 and 2,000-3,000 ft to test spillovers into controls: small, mostly insignificant positive; notes estimate could be lower or upper bound.",SEs clustered by rezoning district; tract clustering as robustness.,"10% capacity threshold; 500-ft narrow band for prices; heterogeneity central vs peripheral, rent-stabilised.","PLUTO annual vintages, DCP rezoning shapefiles, DOB permits, DOF/ACRIS sales, Infutor address histories with BIFSG race imputation; tenure imputed by building type. Lot splits/merges not explicitly handled.","Hyper-local, not general equilibrium; only large (>=20%) rezonings often bundled with infrastructure; boundaries possibly endogenous; no rent data.","Sec 3-5 (p14-22), eq 1 p19, Table 3-4, Sec 6.1 p33, App C",working paper version
E010,"Freemark, Su & Curran-Groome (2026) Urban Institute, NYC and Philadelphia upzonings",Matching (generalized full matching) + event-study DiD; Sun-Abraham for staggered NYC,"NYC: parcels in same borough not upzoned or downzoned, matched to ~3,600 upzoned parcels; downzoned excluded. Philadelphia: block faces with no increase in zoning envelope citywide (downzoned retained; sensitivity drops top-decile decreases).","NYC: exact match on categorised pre-treatment residential-unit change, unit counts in each of 6 pre-years, whether residential allowed pre-upzoning; inexact on improvement/land value ratio. Philadelphia: median HH income, median rent, racial composition, tree cover, pre-reform zoning capacity, pre-treatment units and unit change.","MatchIt 'fast generalized full matching' weights, then event-study with unit (parcel/block face) FE and year FE; Sun-Abraham for staggered NYC cohorts.",Standardised mean differences <=0.1 after matching (Fig B1); flat pre-period event coefficients.,NYC parcel x year (2010-2023); Philadelphia block face x year (2005-2024),"NYC: residential units on parcel (PLUTO, completed stock); Philadelphia: permit applications and units proposed",Levels: units per parcel / units per block face per year; aggregated to city totals.,"NYC: upzoned if permitted FAR up >0.25 within 7 neighbourhood rezonings (2016-2021); robustness with modelled zoning envelope. Philadelphia: capacity (FAR, height, coverage, setbacks, parking) pre vs post 2012 code.","Reference year = year before upzoning; Philadelphia pre 2005-2011, post 2012-2024; remapping delayed (56% of acres not remapped by 2017); significant effects after ~6 yrs.",Not tested; acknowledged; block-face aggregation partly absorbs parcel-to-parcel spillovers.,95% CIs; SEs clustered by parcel/block face.,Envelope vs FAR treatment; excluding strongly downzoned block faces.,PLUTO; Philadelphia L&I permits; capacity modelled per parcel.,Cannot separate upzoning from concurrent public investments; Gowanus industrial conversion; permits vs completions in Philadelphia; no year-by-year zoning in Philadelphia.,"Report pp. 8-17, 25-34, App B (Fig B1)",full text
E011,"Freemark (2020) Urban Affairs Review 56(3), Chicago TOD upzoning",DiD with later-treated and never-treated comparison groups,"Primary: parcels upzoned by 2015 TOD expansion (same zoning classes, slightly further from stations) as controls for 2013 reform parcels; secondary: 'outside' parcels within 1/2 mile of stations that would have qualified but not on Pedestrian Streets.","Property: distance to station, land sq ft, assessor property type, underlying zoning class/density, neighbourhood building coverage; tract: population density, ethnicity, transit use, education, income, house values.",Covariate regression with district FE and quarter FE (prices) or year FE (permits); some models add district linear trends.,Covariate summaries show similarity between 2013 and 2015 groups; loess price trends aligned at law date; formal test -1000..-500 vs -500..0 days no difference; placebo dates every day.,Transaction (prices); planning district x year (permits),Log sale price; count of new residential units permitted,Log prices; unit counts (levels); transactions <$500 dropped.,"Binary eligibility by reform (2013: FAR up to 3.5, +33-50% units, 50% parking cut; 2015: FAR up to 4, no parking); separate density vs parking-only classes.",2013 ordinance Sept 2013; window -1000 to +744 days; anticipation sensitivity via proposal dates.,Not modelled; buffer-zone subsamples at edge of 2013/2015 areas.,Robust SEs clustered by census tract.,Buffer zones; daily placebo dates; shorter windows; ward controls.,"IL Dept of Revenue sales 2010-2018 (no unit size); Chicago permits geocoded, deduplicated, units parsed from free-text; 2012 zoning.",One city in weak market period; no nonresidential scale data; rentals not measured; author advocated for the reform.,"Preprint (2019): pp. 6-15, 24-28",working paper version
E012,"Stacy, Davis, Freemark, Lo, MacDonald, Zheng & Pendall (2023) Land-use reforms and housing costs (Urban Institute report version of Urban Studies article)",Panel fixed-effects regression with staggered reform timing (generalized DiD / event windows) plus falsification leads,"Cities in the same 8 metros (Boston, Charlotte, Chicago, Dallas-Fort Worth, Los Angeles, Miami, Philadelphia, Portland) with no reform found in newspapers; authors concede controls may include unmeasured treated cities (attenuation). Reformers were far larger at baseline (mean 2000 pop ~190-212k vs ~19.7k for non-reformers, Table 3).","No matching/weighting on covariates. Similarity imposed only via city FE, period FE, city-specific linear trends and 'controls for regional context'.","City FE (lambda_i) + quarter or year FE (theta_t) + city-specific linear time trends (varsigma_i*t). Separate indicators for restrictive vs loosening reforms in an Implementation window and a Post window. No propensity score, SC or reweighting.","Figure 2 raw trends (both reform types had rising unit counts pre-reform); falsification test with hypothetical future reforms 3 yrs before: no pre-effect on address counts, but loosening cities had falling aggregate rents before reform (Tables 6-7) = some endogeneity in rents. No covariate balance table beyond Table 3 descriptives.","City (place)-quarter for USPS addresses (1,136 cities, 2005Q4-2021Q1); city-year for ACS rent outcomes (2008-2017 panel)","(1) USPS total residential address count; (2) median gross rent and aggregate gross rent (ACS 5-yr); (3) count of rental units affordable at ELI/VLI/LI/MI/above bands (30%-of-income rule, national median income; AMI in robustness)",Natural log of counts when variable and residuals are log-distributed (fn 2) -> semi-elasticities; rents in dollars; affordability band counts logged and interpolated within rent buckets. Small bases for low-income bands noted -> large SEs; no explicit zero handling (IHS etc.) reported.,"Binary indicators, split by direction (84 tightening, 96 loosening; 180 'major' reforms 2005-19). Reforms found by ML tagging of 76,410 Access World News articles (2000-Jan 2019); 4 human taggers coded 568 random articles as training set; algorithm tagged direction, geography (neighbourhood/citywide), timing, 21 reform types; team verified variables and land-use experts hand-coded. Reforms touching only 1-2 neighbourhoods excluded. No dose/magnitude: 'we do not differentiate between relative impacts of different changes'. Types include ADU 50, FAR/density 34, height 37, min lot size 33, rezoning 22.",Implementation window = 2 yrs before through 2 yrs after passage (absorbs anticipation/Ashenfelter dip and ACS 5-yr averaging overlap); Post = 3+ yrs after. Cannot separate anticipation from construction within window. Fully lagged year-by-year model as check.,Not modeled; same-jurisdiction outcomes only; authors note metro-wide effects possible (cite Buechler & Lutz) but lack data.,OLS with robust SEs clustered by place (city).,AMI-based affordability thresholds (no significant effects); fully lagged adjustment-path model to check that unit-specific trends are not absorbing effects; falsification leads.,HUD-USPS quarterly address counts at tract level transformed to places; ACS/2000 census via NHGIS on 2010 tract boundaries (Brown LTDB) aggregated to cities. Metros chosen for better news coverage and higher growth; ~1/3 of reforms in LA MSA.,"Newspaper-based identification undercounts, especially small cities; control group contamination -> lower bound; endogeneity (reforms respond to rents; coincident subsidies) not ruled out; no parcel-level exposure; no power by reform type; no metro-wide effects; short panel.","Sec. 3 (data/reform coding), Sec. 4 (methods & limitations), Tables 1-4, 6-7, Fig. 2, Sec. 6 robustness, Sec. 7",full text
E013,"Peter, Tracy, Pinto & Baker (2026) Critique of Stacy et al., Econ Journal Watch 23(1)",Audit/re-coding of reform database + qualitative case studies; no re-estimation,Critiques Stacy et al.'s controls: CA ADU laws were statewide so no untreated in-state control; uncovered jurisdictions coded as controls were bound by the same state mandates.,"n/a (argues comparisons need verified legal status, by-right mechanics, eligible-parcel share)",n/a; notes measurement error in treatment coding biases supply estimates toward zero,Not applicable; flags overlapping/sequential reforms (Miami nine reforms 2006-11; Portland 2010-16 ADU series) that confound timing,Reform record (the 180 Stacy et al. entries); case-study cities,Critique of USPS address counts: no housing-type detail; most attached/internal ADUs share the main address and are not counted; private USPS-derived data captured only 58% of visually verified LA ADUs completed 2019-20.,Case studies express supply response as annual % growth in housing stock (1-2.5%/yr for by-right reforms),"Waterfall recoding: (1) factual accuracy (right place/year), (2) classification validity (direction and substantive significance), (3) methodological integrity. Findings (pp. 94-107, as extracted): 60 entries (33%) fail basic accuracy incl. 36 wrong-jurisdiction (dateline city != affected city, e.g., Miami vs Aventura) and 17 duplicates (same ordinance at different legislative stages, sometimes coded opposite directions, e.g., Santa Monica); of remaining 120: 26 single-site, 14 one-two neighbourhoods, 43 directionally right but insignificant; 14 wrong direction; poison pills (e.g., Hermosa Beach 4,000 sf min lot -> <30% of SF parcels eligible). Verified against ordinances, zoning maps (Zoneomics), permits (HousingData.app), First American assessor data; full appendix spreadsheet of all 180. Reportedly only 2 of 180 judged genuine major reforms.","Notes late reforms (55 adopted 2017-19) contribute little to the 3+ yr Post window; e.g., Munster IN TOD with stations opening 2025 cannot affect 2020 outcomes; iterative reforms misattributed to first reform.",Not addressed beyond control contamination,None (no re-estimation),"Two dozen+ case studies (e.g., Seattle 2.5%/yr, Palisades Park 1.1%/yr, Cherry Creek 1.5%/yr; Tigard Triangle lag)","Primary-source verification checklist: ordinance adoption, legal text, by-right vs discretionary, KISS simplicity, uptake in permits/assessor data",Case-study selection open to cherry-picking charge; no alternative estimates,"pp. 88-92 (approach), 94-117 (coding problems, USPS), 116-118 (controls), 119-131 + App. 4 (case studies)",full text
E017,"Hamilton (2024) Cityscape 26(3), Houston minimum-lot-size reform",Spatial DiD across I-610 boundary,"Neighbourhoods inside I-610 (reformed 1998) as control vs outside (reformed 2013); buffers 2, 1, 0.5 mi; neighbourhoods crossing I-610 excluded; top-quartile predicted-townhouse tracts subsample.","No matching; tract demographics (density, poverty, BA share, income, race, commute).","ln(land value) with neighbourhood FE, year FE, ZIP linear trends, demographic controls; event study.",Parallel pre-trends visually; event-study pre coefficients 2005-2012 insignificant.,"HCAD neighbourhood x year (1,230 neighbourhoods; 2.7M parcel-years)",Appraised land value,"Log land value per acre, aggregated to neighbourhood (HCAD appraisal pegs to standard lot).","Binary outside-loop x post-2013 (1,400 sq ft lots allowed outside loop).","Reform April 2013, phased transition; 2013 dropped.",Not addressed.,SEs clustered by ZIP; Moran test; Conley spatial SEs in preferred model.,Buffers; subsamples; spatial models.,HCAD 2005-2021; dropped $0 and >100-acre parcels; ACS interpolated.,Appraised not market values; inside-loop control was treated earlier.,"pp. 165-182, Exhibits 11, 15-22",full text
E018,"Kuhlmann (2021) JAPA 87(3), Minneapolis 2040","Hedonic DiD, border buffer",Single-family-zoned sales in bordering cities within 1/2/3 km of Minneapolis border vs Minneapolis SF-zoned sales.,"Hedonic: sq ft, lot acres, beds, baths, stories, age, garage; ZIP and sale-month FE.",Minneapolis x post DiD with hedonic controls and FE; triple difference with house-size percentile rank in 200 m buffer; split by tract median value.,Hedonic monthly price trends 2 years pre similar; pre/post covariate balance table.,Transaction,Sale price,Log price.,Binary (upzoning to 3 units); dose via size rank and neighbourhood value.,Cutoff Dec 2018 council approval; one year before vs after.,Not addressed.,Not stated.,Placebo on properties already zoned 2-3 units; placebo date Dec 2014; tract/city FE.,ZTRAX; restricted to SF-zoned; missing covariates dropped.,Very early; possibly speculative; few permits.,pp. 387-392,full text
E020,"Gu & Munro (2025) Zoning Reforms and Housing Affordability: Evidence from the Minneapolis 2040 Plan, GLO DP 1629",Synthetic control with placebo (permutation) comparison,83 comparison/donor cities (abstract); a robustness donor subset limited to cities with similar moderate post-COVID population growth (-0.3% to 0.5%) (per American Experiment summary),Not seen (full text blocked),SC weights on donor cities; predictors not seen,Placebo tests show Minneapolis reductions among the steepest of the 83 (abstract); RMSPE details not seen,City,"Home prices and rents (sources not seen); secondary demand indicators: days on market, inventory, list-to-sale ratio, sales volume (per American Experiment summary)","Not seen; results reported as % below counterfactual (prices 16-34%, rents 17.5-34%)",Binary: Minneapolis 2040 Plan; treatment date reported inconsistently by secondary sources (Dec 2018 adoption vs Jan 2020 effective),Not seen,Not seen,Placebo/permutation across donors,Restricted donor pool by post-COVID population growth (secondary),Not seen,Attributes effect to weaker demand rather than new supply,Abstract (RePEc); econstor PDF behind Anubis JS challenge; SSRN returned HTTP 429,abstract only
E021,"Hembre, Horowitz, Starling & Xu (2025) Unpacking supply and demand in rent trends since the Minneapolis 2040 Plan (Minneapolis Fed article) + Housing Indicators Technical Appendix","Synthetic control per indicator (descriptive dashboard), with vacancy/concession and permit comparisons used to infer demand vs supply","126 US cities: population 150k-2M, principal cities only, no similar reforms (~2020; e.g., Portland OR excluded), not geographic neighbours (St. Paul excluded), continuous Census place data 2010-present. Article notes >=1/3 of the 126 have since adopted more permissive policies.","Pre-2020 averages of ln total population, % owner-occupied, ln median housing cost, ln median household income, plus odd-year lagged outcome values","Separate SC weights for each indicator (non-negative, sum to 1, quadratic programming); optimizer run with both BFGS and Nelder-Mead and min-distance solution kept",Pre-treatment fit on 2010-2019; p-values from post/pre RMSE ratio ranked among 127 units; point-in-time variant for shares,City (Census place); annual or monthly by indicator,"Median rent (ACS 1-yr; also Apartment List, CoStar, Zillow), multifamily 5+ permits, duplex-fourplex units permitted, vacancy (Apartment List), concessions, cost burden, segregation","Levels/shares; costs in CPI-U inflation-adjusted dollars; logs in predictors; some 3-yr trailing averages to smooth ACS noise (e.g., new 2-4 plex units)",Binary: 2040 Plan (effective 2020); 2019 treated as last pre year,Pre-period through 2019; divergence noted summer 2020; says full evaluation needs ACS 5-yr collected entirely post-2019,Excludes neighbouring cities from donors to avoid spillovers,Permutation/rank p-values (post/pre RMSE),Multiple indicators and data sources for rent,"Permits from Metropolitan Council and Census; 87 new 2-4 plex buildings / 225 units 2020-24; >18,000 5+ units 2018-22",COVID/2020 demand shock confounds; pre-2019 policies not captured; donor contamination by later reforms; non-convergence for extreme donors; multiple weight solutions,"Article sections; Technical Appendix pp. 2-7 (donors, predictors, inference, limitations), pp. 7-17 (indicators)",full text
E022,"City of Portland BPS, Middle Housing in the Single-Dwelling Zones: Progress Report 2018-2024 (Jan 2025)",Descriptive before/after by period (Pre-RIP Jan 2018-Jul 2021; RIP1 Aug 2021-Jun 2022; RIP2 Jul 2022-Jun 2024); maps of permit concentration pre vs post,Own pre-period only; no other places,"Breakdowns by zone (R2.5, R5, R7, R10, R20), pattern area, vulnerable (displacement-risk) areas, high-opportunity areas, historic areas",Stratified tabulation only,n/a,Building permits / units in single-dwelling zones,"Units permitted by type (ADU configurations, attached house, duplex, triplex, fourplex, affordable sixplex, cottage cluster; house = detached not middle housing); demolitions; sales prices (RMLS); affordable homeownership participation","Units per 1,000 lots by zone (just over 4 in R2.5, 2 in R5, lower elsewhere; wording does not make clear if annual); share of new units by type (SF detached >50% pre -> <20% post); SD-zone share of citywide permits (23% 2023, 43% H1 2024); units per demolition (replacement ratio computed only on demolition sites)","Residential Infill Project (RIP) phase 1 effective 1 Aug 2021, phase 2 1 Jul 2022",Permits by issue date; no lag/anticipation analysis; notes 2018 was last year of SDC waivers for ADU-ASTRs,n/a,None (descriptive),n/a,"New construction, addition, alteration permits issued 1/1/2018-6/30/2024 in SD zones; types ADU, accessory structure, duplex, SFD, townhouse, apt/condo; Revision and Deferred Submittal permits excluded. Lot counts R2.5 26K, R5 74K, R7 32K, R10 13K, R20 3K (~148K) - source/definition of 'lot' not stated. Manual plan review of 514 units permitted 8/2022-7/2023. RMLS sales joined to permits at project level",Interest rates 3%->7% 2021-23; units in programs not yet sold; no rental price data; project-average price matching; manual subset not representative of all activity,"Data p.8 & p.65 (methods appendix); per-1,000 lots p.24; zones p.25; demolitions pp.14-16; key findings p.5",full text
E026,"Metcalf, Garcia, Carlton & MacFarlane (Terner Center 2021), SB 9 viability brief",Ex-ante parcel-level feasibility simulation vs business-as-usual (existing zoning incl. ADU/JADU) scenario,Each parcel's own status-quo feasible options (BAU ~1.8M ADUs/JADUs already feasible),"Parcel attributes (size, existing structure, value), local prices/rents (CoStar, Zillow, assessor), RS Means costs, jurisdiction fees and parking","Pro forma per parcel: 652 pro formas (28 development scenarios incl. retain, demolish, lot split) evaluated; feasible if residual land value exceeds existing value; 25% discount on owner-occupied unit",n/a,Parcel (counties >45k pop),Market-feasible new units and parcels,Counts plus shares of parcels (110k = 1.5% newly feasible; 78% infeasible); county per-parcel ratios,SB 9 duplex and lot split allowed on eligible parcels,Static early-2020 prices/costs; explicitly 'not a forecast',No market saturation/interaction across parcels,n/a,"Costs +/-10% (+36k/-32k units), prices +10% (+57k), universal owner-occupancy requirement (-40k, -6%)","7.5M SF parcels (UrbanFootprint) -> 6.1M eligible after excluding high fire hazard, historic (NPS data only), non-urbanized, renter-occupied (tract ACS estimate), lots <2,400 sq ft, prior lot splits etc.","Not a forecast; depends on owner interest, industry capacity; historic data misses local designations; renter share from tract ACS",Eligibility Table 1 p.5; data/method pp.6-7; results pp.8-12; Appendix B p.14,full text
E028,"Wegmann, Chapple et al. (2024) Missing No Longer? (UC Berkeley CCI / UT Austin)",Descriptive counts + case studies; no counterfactual,None; San Diego Bonus ADU compared to citywide ADU/housing permits across TCAC opportunity categories (2018-2022),n/a,n/a,n/a,Jurisdiction-reported SB 9 applications/permits; projects,"SB 9 applications (660), approvals (310), completions (25); lot split vs duplex breakdown; '266 projects permitted or completed' vs 6.1M eligible parcels","Counts relative to 6.1M eligible parcels (denominator taken from Terner 2021 simulation, not re-derived)",SB 9 (effective 2022),HCD APR 2022-2023 only,n/a,None,None,"HCD Annual Progress Reports; ten interviews with developers, lenders, advocates; project pro formas; San Diego Housing Commission data",Sparse completion data; no systematic selection of local reform cities; bedroom data incomplete (San Diego); lending info from voluntary interviews,SB 9 data p.10 & ES p.2-3; barriers pp.12-16; Bonus ADU pp.28-37,full text
E030,"Property Economics (Osborne & Heath) for Wellington City Council (June 2022), Commercially feasible residential capacity",Ex-ante parcel feasibility; three tiers plan-enabled -> feasible -> realisable; compared with demand projection,Existing use/land value on each site,"Land value (WCC Sept 2021 valuations), improvement-to-land value ratio, suburb average sale prices, HBA construction costs, site size","18 scenarios per site (standalone/terraced/apartment x small/medium/large x infill/comprehensive); base 20% profit hurdle; realisable hurdles by typology & actor (standalone 17-25%, terraced 20-28%, apartment 28-39%)",n/a,"Site/parcel (UEP GIS layers), aggregated to suburb and 7 catchments",Dwellings (capacity),"Counts; required realisation rate = demand / realisable capacity (28% base, 45% stress)","Draft District Plan or MDRS, whichever yields more","Static Sept 2021 inputs; demand 2021-2051 (31,300 dwellings, Sense Partners medium)",n/a (sites sorted by profit and allocated to meet demand),n/a,"Stress test prices -10% & costs +10%: feasible 89,479 (-36%), realisable 73,401 (-42%)",Min site 100 m2 terrace / 150 m2 standalone; excludes greenfield; excludes Makara-Ohariu,Ignores infrastructure constraints; excludes greenfield; 2021 data,"Method pp.6-13; results Table 1 p.10, Table 3 p.13; stress pp.22-23; hurdles Appendix 2 p.27",full text
E037,"Marantz, Elmendorf & Kim (2023) Where Will ADUs Sprout Up...? Cityscape 25(2)",Descriptive cross-section; ADU parcels vs all residential parcels; no causal comparison,"All single-family residential parcels in 14 counties (9 Bay Area + LA, Orange, Riverside, San Bernardino, Ventura) as the reference distribution","Parcel acreage, number of structures; tract median gross rent, ethnoracial composition (ACS 2012-16); distance-weighted jobs within 50 miles (LODES WAC 2016, linear decay)","Distributional comparisons and tract-level pairwise correlations (only p<0.05 shown). Regression (odds of ADU permit on lot size, structures, rent, vacant land share, log city pop, owner-occupancy, HOA density) is in a separate companion manuscript, only summarized here.",None (descriptive),Parcel (APN); tract for correlations,"Unduplicated count of parcels with >=1 ADU permit 2018-21 (43,160); share of parcels; ADUs as share of all permits (vs Census BPS)",Shares of parcels; ADU/BPS permit ratio; no zero handling discussed,n/a (post-2017 state law period),Covariates predate 2018 to limit endogeneity,n/a,Pairwise correlation p-values only,Checked inconsistency with Chapple et al. (2020) even restricting to 2018-19,HCD APR records with APN + street address merged to parcel boundaries (SCAG 2016; Boundary Solutions for Bay Area); 96% match; dedup across permit/CO years by unique jurisdiction-APN-address; 4.8M residential parcels,HCD does not validate APRs (erroneous APNs); BPS covers 275 of 280 municipalities and excludes unincorporated; Bay Area parcel data lack zoning; ACS lag,"pp. 108-117, Exhibits 1-5, Appendix A (p. 117)",full text
E038,"Chapple, Garcia, Valchuis & Tucker (2020) Terner/CCI, Reaching California's ADU Potential",Descriptive before/after counts + parcel-level logit models of ADU permit/completion,Pre-2017 (pre-SB 1069/AB 2299) levels; no external comparison,"Logit covariates: parcel lot size, built area, ownership type, years since sale; tract/zip ACS race, income, rent, household structure, tenure; Zillow ZHVI; LEHD jobs; EPA transit distance; TCAC opportunity","Covariate adjustment in regional and statewide logits (LA County, Bay Area, Capital Region, San Diego, statewide)",None,Jurisdiction-year (APR); parcel for logits (10.1M residential parcels; not stated whether SF-only),ADU permits and completions (certificates of occupancy),"Counts; permits per 10,000 residents by county; shares of parcels by income/home-value quartile","State ADU laws 2017 (SB 1069, AB 2299); 2019 bills AB 68, AB 881, AB 670","Notes completions lag permits (construction, financing)",n/a,p<0.05 in logits,Separate regional models,"HCD APR 2018-2019; 2015-2017 figures from an earlier Terner report ('ADU Update') covering only largest cities (LA, Long Beach, San Jose, Oakland, SF, Sacramento, San Diego); ACS values with large MOE dropped; 12.5M assessor parcels",APR self-reported/incomplete; completions lag; unpermitted ADUs excluded; ACS reliability,"Data p.5; counts pp.3,6-7 (Fig.1-3); logits Table 3 pp.16-17",full text
E040,"Brueckner & Thomaz (2024) ADUs in Los Angeles, Real Estate Economics 52(3); details from Thomaz UCI job-market paper 'Investigating ADUs'",Location: cross-sectional logit/LPM of ADU presence. Value (JMP): 2SLS with post-law indicator as instrument; published version accounts for Prop 13 assessment rules,Non-ADU parcels (JMP),"House sqft, beds, baths, year built; land/total value; lot area; distances to LAX, universities, CBD, commercial zones, transit, beaches; census demographics (race, density, income, household composition)",Census-block fixed effects in location model (JMP); IV with afterLaw dummy in first stage (JMP),First-stage F=489 but R2=0.006 (JMP); no balance checks reported,"Parcel-year (4.79M obs, 680,526 residential parcels, LA 2013-19) (JMP)",hasADU (permit issued); log assessed value / selling price,Binary outcome; logs for value; top/bottom 1% trimmed,"Binary ADU permit; post-2017 state law as instrument (117 permits 2016 vs 2,316 2017, JMP)",Law change Jan 2017,None,SEs clustered by census tract (JMP),Logit vs LPM (JMP),"LA County Assessor + LA City Planning permits (10,030 records, 9,725 parcels = 1.5%), ESRI census/amenity data; drop missing, trim 1%","Permits != completions; weak first-stage fit; JMP value premium 40-60% 'may seem implausibly large' (published abstract instead reports 7-9%, i.e., estimates changed materially between versions)","JMP Sec. 4 (pp. 11-13), Sec. 5 (p. 20-21); published: abstract only (Wiley 403)",working paper version
E041,"Bhatt (2023) Yes, Literally, In My Backyard, Harvard M-RCBG AWP 203",DiD and event study: single-family zones vs two/three-family zones around 2016 state ADU laws; tract DiD with continuous SF-zoned share for rents; distance-ring DiD for property values,"Two- or three-family zones in Los Angeles, San Diego, San Francisco (already allowed second units); ~half of zones are SF","Zone/tract median income, population, % married households; property: lot area, beds, year built, ADU valuation",Zone FE + year FE (dynamic spec); tract FE + year FE with Zc = SF-zoned share of (SF + 2/3-family) area; property analysis with ADU-cluster FE and time FE,Visual parallel trends 2010-16 (Fig. 6); balancing tests in Appendix Fig. 25,"Zone-year (2010-22); tract-year (~660 tracts, 6 yrs); property sale",ADU permits per zone per year; ln ACS median rent; ln sale price / assessed value,Raw counts per zone (no per-parcel normalization reported); logs for rent/price; sales trimmed at 1st/99th pct,Binary SF-zone x Post-2016 (SB1069/AB2299 effective Jan 2017; 2020 laws AB68/AB881/SB13 overlap); continuous SF share for tract dose; property: within 500 ft (LA) / 250 m (SF) of ADU,Post from 2017; event-study years; author warns cumulative reforms muddle attribution,Distance-decay property analysis only; no market-wide GE,Conventional SEs; clustering not stated,With/without covariates and FE; synthetic rent simulation over elasticities -0.128 to -0.71,"City permit datasets text-filtered for ADU language, deduplicated, spatially joined to zoning polygons via lat/long; LA geocoding rate falls over time (2022 ~half); LA sales scraped from assessor (n=17,656); SF assessed values; BuildZoom supply-constraint index",Cumulative reforms; assumes independent markets and ADUs all rental; SF assessed values not sales; few obs within 50 m,"Sec. 5 (eq. 5-6, Table 4, Figs 5-6, pp. 21-25), Sec. 6 (eq. 7, p. 31), Sec. 7 (eq. 10, p. 40), data pp. 10-13",full text
E042,"Tanrisever (2025) Spillover effects of ADU development, RSUE 114:104136",IV (2SLS) using eligibility x post-2017; event study for exclusion restriction,Transacted ineligible SF and duplex properties; variation from neighbourhoods with high vs low eligible-parcel shares pre/post 2017,"Eligibility: buildable area >=800 sf net of setbacks, parking, fire hazard, water/sewer adequacy; hedonics: building age, size, lot size, distance to CBD",Tract x year FE; instrument = eligible share x post-2017; property FE in robustness,Event study: no pre-2017 price differences between high/low eligibility areas; first-stage F 100-110,"Property transaction (142,290 sales, LA 2013-21)",Log sale price,ADU density = parcels with ADUs within 150 m / residential parcels within 150 m (share),Continuous ADU density; instrument continuous eligible share,Post-2017,Explicit: non-overlapping 100-600 m rings; effects insignificant beyond 300 m,"Clustered by tract, heteroskedasticity-robust","Rings; property FE; eligible-tract subsamples; HCD APR permit data 2018-21; heterogeneity by lot size (<5,663 sf) and rent level","LA County assessor, LA City permits, SCAG land use, LAPD crime, 311; transacted only (Prop 13)",Not extracted,"Data, identification, robustness sections",full text
E043,"Kim, D., Baek, S.-R., Garcia, B., Vo, T. & Wen, F. (2022/2023) Influence of ADU policy on contributing factors..., J. Housing & Built Environment",Pre/post comparison of two multilevel logistic models (before vs after LA ordinance) with non-ADU reference parcels,"12,421 reference (non-ADU) parcels","22 variables: neighbourhood (pop density, median income, rent, home value, ethnicity, vacancy, renter share, land-use diversity); property (lot size, year built, building area, FAR, value, elevation, slope, highway/bus/rail access, shopping/park/CBD/sub-centre distances)","Multilevel (properties nested in neighbourhoods) logistic regression, estimated separately per period",Not extracted,Parcel,ADU permit with certificate of occupancy (binary),Binary; not extracted,"Before: Jan 1 2018-Dec 18 2019 (8,695 permits); after: Dec 19 2019-Dec 15 2020 (3,174) around LA ordinance effective Dec 19 2019",Short post period; overlaps COVID,None,Not extracted,Not extracted,"11,869 ADU permits with CO 2018-20",No owner sociodemographics; short post window; COVID not analyzed,"Abstract/method summary via academia.edu copy (Springer 429, PMC/PubMed captcha)",abstract only
E044,"City of Seattle OPCD, 2023 ADU Report (July 2024)",Descriptive before/after (2019 ordinance) annual counts,Pre-reform years (2010-15 avg 137/yr; 2016-19 ~263/yr; 2018 = 243); no other cities,n/a,n/a,n/a,Permitted ADUs (AADU vs DADU) by year; development site,ADU units permitted; applications; STR share; condo share; sale prices,"Counts; shares by zone (NR 87% of 2023 ADUs), site type (51% ADU-only, 36% ADU+new SFR); no per-lot rate; ~10% of ADUs with STR licenses",2019 ADU reforms (first full year 2020),"Applications (357 in 2019, 1,004 in 2022, 780 in 2023) flag leveling off; no formal timing analysis",n/a,None,n/a,SDCI Accela permits; FAS STR licenses; King County Assessor for condos; issued vs final not distinguished; eligible lot not defined,Condo recording lag; unlicensed STRs; can't link condo sales to AADU/DADU; no tracking of removed units; rate-driven slowdown not established causally,Data pp.5-6; counts pp.11-12; zones pp.12-15; STR p.22; condos pp.23-24,full text
E048,"Davidoff, Pavlov & Somerville (2022) Not in my neighbour's back yard? JUE 128:103405",Hedonic spillover regressions: (1) count of laneway units within 100 m; (2) new-build next to new-build-with-laneway vs new-build without,Neighbours of newly built houses without laneway; properties with fewer nearby laneways,"Lot size, structure characteristics; new construction holds size/depreciation fixed conditional on location, lot size, year built",Neighbourhood-year FE and year FE (per abstract/summary),Not seen,"Property transaction, Vancouver (post July 2009 rezoning of ~95% of SF zones; through 2017)",Log transaction price,Mean 43 SF units within 100 m vs 1.8 laneway units,Count within 100 m; adjacency to new laneway build,Not seen,Distance radius 100 m,Not seen,"Heterogeneity by price quantile: overall -3.8% (insignificant), >75th pct -5.7% (significant), below median ~0",Not seen,Small narrow-test sample,Abstract (ScienceDirect); UBC repository blocked,abstract only
E056,"Hamilton & Houseal (Mercatus, March 2023), New Hampshire ADU case study",Descriptive cross-town comparison of post-reform rates,Towns compared to each other; no pre-period data (counts start 2017),"Local rule classification across 29 localities (93% require parking, 48% discretionary review, 86% owner-occupancy)",n/a,n/a,Town-year (8 towns with annual data 2017-2021; 2 more gave stock totals only),ADU permits,"Annual ADU permits per 1,000 single-family houses (SF house count source not stated); range <0.12 Claremont to ~1.46 Merrimack",SB 146 statewide ADU law (effective 2017),Notes unpermitted ADUs predated the law,n/a,None,n/a,Contacted planning staff in 29 localities >=10k residents; 8 provided annual data,Could not reach data holders for some localities (selection),Web brief data section,full text
E058,"Mayer & Somerville (2000) RSUE, Land use regulation and new construction (Wharton WP 331 version read)","Metro panel (quarterly) regressions; cross-sectional regulation identified between metros; OLS, GLS-AR1, panel-corrected SE, and IV","No explicit control group; 44 MSAs from Wharton Urban Decentralization Project's 60, chosen by price-data availability; comparison is implicit across more vs less regulated metros",Current + 5 lags of quarterly change in log house price (Freddie Mac repeat-sales); change in real prime rate; log 1980 population; materials/lumber cost indexes tested (never significant),"Covariate adjustment plus quarterly dummies and city-specific time trends (no metro FE because regulation is time-invariant). IV on regulation with instruments: number of jurisdictions with land-use control, Reagan 1984 vote share, traffic congestion index, 1975 per-capita income, % adults with HS degree, 1980 population, state citizen-referendum dummy",None reported (no balance/pre-trend checks); authors compare MSA price elasticity to their national estimate as plausibility check,"MSA-quarter (44 MSAs, 1985-96); MSA boundaries standardized to post-1993 definitions",New single-family building permits (proxy for starts; ~90% of permits start within 2 quarters per Somerville 1999b),Log permits (effects read as % changes); seasonally unadjusted with quarterly dummies,"Wharton survey (Linneman & Summers 1991): approval delay in months (category midpoints, ~1.5-4.5 mo); growth-management count (sum of 5 dummies); impact fees = DUMMY for whether jurisdictions in MSA assess fees (fee amounts dropped as noisy and below builder reports)",Regulation measured once (c.1989) and held fixed; lagged price changes up to 5 quarters; Table 3 interacts regulation with lagged price changes (delay effect concentrated in lags 3-5),None addressed,Kloek (1981) correction for aggregation bias in SEs of time-invariant regressors; GLS with AR1 and city-specific variance; Beck-Katz PCSE,IV for regulation (results 'not an artifact of endogeneity' but GM coefficient 'too strong'); price endogeneity: drop contemporaneous price and instrument price with user cost & employment; alternative cost indexes; dynamic interaction models,Quarterly permits by MSA; repeat-sales price index holds location constant; regulation cross-section from 1989 planner survey,Regulation endogenous to demand (both directions); instruments hard to find and may drive large IV GM coefficient; fee data noisy/downward biased because many municipalities in MSA levy none,Sec III Data (pp.11-13 WP); Sec IV.A static results incl. Table 2 (pp.13-19); IV pp.17-18; Sec IV.B dynamic (pp.19-21); limitations Sec V,working paper version
E059,"Burge & Ihlanfeldt (2006) JUE, Impact fees and single-family home construction",County panel with fixed effects and random-trend models; stratified by submarket type (central city / inner suburb / outer suburb / rural per secondary sources),Within-county over time; other Florida counties provide time effects. No explicit control group,Not seen (full text unavailable). Abstract: 'control for unobservable heterogeneity and potential endogeneities',Per abstract and secondary summaries (Burge 2016 review; Lincoln 2009 chapter): county fixed effects and county-specific (random) trends; endogeneity controls unspecified in what I read,Not seen,"Florida county-year (by submarket area type), 1993-2003 per secondary sources","SF home construction split by size class: small, medium, large homes (abstract)",Not seen,"Fee LEVELS by type: non-water/sewer (roads, schools, parks) vs water/sewer; 'unique data set of impact fee levels' (secondary)",Not seen,Not seen,Not seen,Not seen,Author-built county fee database 1993-2003 (secondary),Not seen,Abstract (ScienceDirect); secondary descriptions: Burge 2016 impactfees.com review; Lincoln Inst. 2009 LP ch.7. FSU DeVoe Moore WP PDF exists but failed to fetch (SSL/robots),abstract only
E060,"Burge & Ihlanfeldt (2006) J Regional Science, Effects of impact fees on multifamily construction","County panel (FE and random-trend models), submarket split inner suburb vs metro-wide",Within-county variation; no explicit control group,Not seen,Abstract: 'panel data estimation techniques that allow us to control for unobservable heterogeneity and potential endogeneities'; specifics not seen,Not seen,Florida county-year 1993-2003 (secondary),Multifamily construction (units/permits; exact measure not seen),Not seen,Fee levels split non-water/sewer vs water/sewer,Not seen,Not seen,Not seen,Not seen,Same fee database as E059 (secondary),Not seen,IDEAS abstract; Wiley page 403; secondary: Burge 2016 review,abstract only
E061,"Skidmore & Peddle (1998) Growth and Change, Do development impact fees reduce the rate of residential development?","Municipal panel, two-way fixed effects (per Burge 2016 review)",Other DuPage County municipalities without fees / same city before adoption,Not seen; secondary source says control variables were 'not exogenous to the number of new homes built',Two-way (city and year) FE per secondary,Not seen,"City-year, 29 cities in DuPage County IL, 1977-1992 (secondary)",Residential development rate (exact definition not seen),Not seen,"Fee DUMMY: 'simply registers the existence of a fee, not the dollar amount or type' (secondary)",Not seen,Not seen,Not seen,Not seen,Not seen,Per critics (Lincoln 2009 chapter): 'important shortcomings that compromise the validity' incl. endogenous controls,"Wiley and ResearchGate blocked (403/429); secondary: Lincoln Inst. LP2009 ch.7, Burge 2016 review",abstract only
E062,"Campbell & Alm (2006) NTA Proceedings, Are impact fees a deterrent to development?",Two-way fixed-effects county panel (unbalanced),"Sample restricted to the 34 FL counties that used impact fees at any time 1990-2003, so pre-adoption county-years (fee=0) serve as within-county controls; never-adopters excluded","Population, population density, real median income, ENR construction cost index (national)","County FE ('capture any variations in county permitting policies or growth management strategies, or other market-related differences') + year FE + covariates",None,County-year (n=476),Number of SF building permits,"Raw counts, NOT logged or per capita (mean 2,545)","RTOTALIF = sum of all county impact fees in use on Jan 1 of year, real (CPI) dollars per unit; zone-varying fees averaged; size-varying fees evaluated at a 2,500 sq ft house; mean $1,432, range $0-11,604; fees from phone interviews with all 67 counties","Fee measured Jan 1, permits observed in fall: timing argued to mitigate reverse causality; no leads/anticipation test",Acknowledged (developers may seek low-fee counties) but not modeled,Heteroskedasticity-robust SEs (not clustered),None reported,Water/sewer fees administered by utilities likely omitted; median income interpolated for some years,City-level fees omitted (~70% of Orlando-area cities levy fees); national cost index; interjurisdictional shifting; no subcounty data,Data & model p.190; Table 3 p.191; Table 4 & discussion p.192,full text
E063,"Mullen & Nicholas (2010) conference paper as cited in Duncan Associates memo to Broward County (Feb 16, 2011)",'Longitudinal study' comparing counties that reduced fees with counties that did not,FL counties that reduced/suspended fees vs FL counties that did not (counties not named in the memo),Not stated,Not stated,Not stated,County (implied),Residential building permits,Not stated,Fee reduction (binary implied); magnitudes not stated,Period not stated in memo (register's 2009-10 is not confirmed by the source),Not stated,Reports 'no statistically significant difference'; test not described,Not stated,Not stated,Not stated,"Broward County memo footnote 1 (author Clancy Mullen, Duncan Associates, a fee consultant); presented at Growth & Infrastructure Consortium, Tampa, 4 Nov 2010. Original paper not found online",abstract only
E064,Ihlanfeldt & Shaughnessy (2004) RSUE (2002 Lincoln Inst. conference WP version read),"Single-jurisdiction interrupted time series: two-stage (constant-quality monthly price indices, then stock-flow time-series regression on fee level)",No cross-sectional comparison group; identification from temporal variation in countywide fee (Dade uniform across county),"Stage 1 hedonic: beds, baths, living area & sq, lot size & sq, age & sq (existing), block-group income, %Black, %Hispanic, %renter, distance to 8 employment centers, 32 jurisdiction dummies, month/year dummies. Stage 2: 30-yr mortgage rate, expected millage, lagged appreciation, rent index, per-capita income, stock/household ratio; land adds short rate and RS Means cost",Covariate adjustment in hedonic stage to build constant-quality indices; repeat-sales indices as alternative; stage-2 macro controls,Year-by-year hedonic coefficients correlate .93 with pooled; hedonic vs repeat-sales agreement,"Monthly Dade County index, Jan 1985-Dec 2000 (192 months); 39,792 new and 107,376 existing sales; ~25,000 home and ~1,000 land repeat pairs","Constant-quality price index of new homes, existing homes, vacant land","Price per $ of fee (levels, not logs); RS coefficient converted at mean $100k price; land effect ~ -$1,600 on $20k lot","Continuous real (Miami CPI) per-unit fee (road, fire, police, parks, school); school fee sq-ft component at average size (2,072 new / 1,908 existing); nominal $879 (Jun 1989) to $5,239 (Dec 2000), $0 before",Contemporaneous fee; expected appreciation lagged; no anticipation test,Argues Dade part of wider market (Broward commuters); not modeled,HC-robust SE (Breusch-Pagan); Prais-Winsten AR(1) where DW rejects; one-tailed tests for housing,Auxiliary regression of millage on lagged fees -> PV tax savings ~$1.20/$1 fee (5% discount) vs $1.60 price effect; land-share cross-check,FL DOR tax files for land (first sale after 1989); repeat-sales ignore improvements,Possible omitted infrastructure quality (but county didn't pair fees with quality changes); single jurisdiction; results depend on growth rate/tax savings; RS upward bias,Data pp.9-12; model eq.(5) p.13; results Table 4 p.26; robustness pp.15-17; fees Tables 2-3 pp.24-25,working paper version
E066,"Dresch & Sheffrin (1997) PPIC, Who pays for development fees and exactions?","Pooled cross-section/time hedonic regression, stratified into two submarkets","East County (Clayton, Bay Point, Antioch, Oakley, Brentwood) vs West County (San Ramon, Danville); fee effect identified from variation across jurisdictions/time within submarket","Sq ft, lot size, beds, baths, pool, view; community dummies; tried commute time, SAT scores, crime but found insufficient",Separate regressions per submarket because 'linear approximation will work reasonably well only if the houses have similar values'; community dummies absorb quality of life; 4-month period x sq ft interactions for market conditions,None,"Individual new-home sale (~6,900 East, ~2,600 West), 1992-Q1 1996","Sale price (nominal $, not logged)",Pass-through $ price per $1 of fee,"Per-unit fees at permit: school (per sq ft), water/sewer, building permit/inspection, traffic, parks, fire, community development; excludes subdivision-level grading/engineering/planning/drainage; nominal; 1994 totals $11,993 (Bay Point) to $34,638 (Antioch)",Permit date for incorporated cities imputed as 9 or 12 months before sale by season,None,"OLS, no clustering discussed",Alternative time controls; explicit amenity controls tried; existing-home prices examined separately (ch.5),"Assessor sales 1988-96; fees gathered from county, cities, utilities, school districts",Cannot split incidence between landowners and developers (no land-price or profit data); linear hedonic approximations; limited community controls; imputed permit dates; omitted subdivision fees; declining market,Data pp.38-44; method pp.53-60; results pp.62-68; Summary p.v,full text
E068,"Mathur, Waddell & Blanco (2004) Urban Studies, Effect of impact fees on price of new SF housing","Hedonic regression across jurisdictions and time, stratified by quality tier","38 cities/towns of King County WA, 1991-2000; low-quality ('Low average','Average') vs higher-quality ('Good' to 'Mansion') homes",Housing characteristics (details not seen); seasonal and jurisdiction dummies (publisher page),Jurisdiction dummies + separate models by quality tier,Not seen,New SF sale transaction,Sale price,"Real 1983 dollars (sample trimmed $38,742-450,311); price response as % of fee (166% mean, 358% high, n.s. low)",Per-unit impact fee (types/measurement not seen),Not seen,Not seen,Not seen,Not seen,"Outlier trimming: price $38,742-450,311 (1983$), living area 800-4,240 sq ft, lot 2,644-131,985 sq ft",Not seen,Abstract and methods snippet on SAGE page; full text paywalled,abstract only
E076,Soltas & Gruber (2026) How Costly Is Permitting in Housing Development? (working paper),Repeat-listing DiD (parcel FE) and event study of land prices around approval; horizon-specific LPM hazards for completion; cross-sectional hedonic benchmark,"Same parcel before vs after gaining ready-to-issue (RTI) status (repeat listings); for time-to-build, observably similar non-preapproved land","Parcel FE; year (-month) FE; zipcode-year FE; log lot area; robustness: tract poverty/density/education, project floorspace, units, height, construction cost, RoBERTa text embeddings","Parcel FE removes time-invariant unobservables; DiNardo-Fortin-Lemieux reweighting of nonvacant to vacant sample on zipcode, year, lot size, approval content",Event study leads (ref = 3 yrs pre); prices begin rising ~2 yrs pre-approval,"Property listing (LA County MLS 1995-2024, 95,724 properties, 186,462 obs)",Log land price per sq ft; completion (CO issued) within horizon,Logs per sq ft; LPM pp; dollar premia separately,"RTI binary, narrow (fully approved) vs broad (in progress) from LLM (GPT-4) classification of agent remarks + keyword dictionary; 92.2% human agreement on ~7,400 hand-reviewed",Anticipation visible ~2 yrs pre; repeat-listing identification uses sales years before permit news,Not addressed,Clustered by parcel; Conley / Mueller-Watson spatial SEs; IV using keyword & LLM codes for measurement error (+40%),"Spatial SEs, controls, text embeddings, IV for misclassification, heterogeneity by seller/approval content/FAR","Vacant: MLS lot/land, zero floor area, arm's-length, >= $50k; APN link to permits (LA open data, Shovels) with parcel split/merge tracking; assessor 2009-24; SCAG zoning 2019; ACS 2023",Selection into preapproval (specialists 71%); LATE for switchers; time-to-build observational; external validity to LA RTI market; fees 1.2% of land value computed from City fee schedules,"Sec. 2.3-2.4 pp. 9-12; eq. 11-13 pp. 21-23; eq. 15-16 p. 30; App. C, Tables A11-A13, Fig. 6-8",full text
E080,"Saiz (2010) Geographic Determinants of Housing Supply, QJE 125(3)",Cross-metro IV (2SLS; 3SLS joint with regulation equation),n/a (MSAs with pop >500k; regressions cite 269 MSAs),"Undevelopable share within 50 km of central city: slope >15% (USGS 90 m DEM), wetlands/internal water (NLCD 1992), ocean/Great Lakes; WRLURI (2005 survey); regional dummies","Inverse supply: dlnP on dlnH interacted with undevelopable share (and with lagged ln pop) and ln WRI, plus construction cost change and region FE. Instruments for dlnH: 1974 industry Bartik shock, January sun hours, immigration inflow; for WRI: 1982 protective-inspection expenditure share, 1970 nontraditional Christian share (+ interactions)",First-stage F 47.75; Hansen J p=0.6; WRI IV F=10.4,"MSA, long difference 1970-2000",Change in log median census house value (corr 0.9 with FHFA repeat sales); change in log housing units,Long log differences; elasticities per metro via nonlinear combination,Continuous geography/regulation,30-yr long difference; decadal checks,n/a,2SLS/3SLS; FGLS weighting,"Decadal regs, coastal dummy, single instruments, FGLS weights, endogenous costs",Satellite GIS construction,50 km/15% thresholds ad hoc; long-run abstracts from dynamics,"Sec. on geography data; Tables III-VI. Quotes: 'population-weighted average elasticity... 1.75 (2.5 unweighted)'; homogeneous 'elasticity of 1.54 (1/0.65)'",full text
E081,"Baum-Snow & Han (2024) The Microgeography of Housing Supply, JPE 132(6)",IV: Bartik labor-demand shocks to commuting destinations aggregated via quantitative spatial model,"n/a (all ~50,410 residential tracts in 306 metros)","Land availability/development intensity (remote sensing 2001, 2011), terrain, regulation, distance to CBD (heterogeneity)",Commuting-weighted shift-share instrument; other details not seen,Not seen,Census tract,"Housing units and floor space (ZTRAX assessor ~2000-16; Census 1990/2000/2010, ACS 2008-12)",Elasticities (log changes presumably; not verified),Continuous demand shock,Not seen,Not seen,Not seen,Not seen,"ZTRAX; journey-to-work 1990/2000, LODES 2006/2010",Not seen,Abstract (JPE) + UCLA Lewis podcast page summary,abstract only
E084,"Gyourko & Krimmel (2021) Zoning tax, JUE 126:103374",Structural/accounting comparison: extensive-margin land price per unit minus intensive-margin value of extra land,"Within-metro comparison of vacant land sales vs nearby home sales; distance bands (<=15, 15-30, >30 mi)","Nearest 1,000 home sales for hedonic; nearest 100 new homes for lot size; local density from CoreLogic",Local hedonic log(HP)=a log(LOT)+b log(LIVE)+controls per site; Z=(P(L)/N)-qA,Correlation 0.65 with WRLURI 2018 as validation,"Vacant land transaction for SF development (3,640 obs, 24 CBSAs, 2013-18, within 30 mi, >=20 sales/metro)",Zoning tax per quarter acre,"$ per quarter acre (10,890 sf); medians/IQR emphasised",n/a,Pooled 2013-18,n/a,No standard errors (multi-stage estimation),Distance-band breakdown,"CoStar; drop non-arm's-length, duplicates (same address/price/sf within a month), missing price/area; N imputed for 82% via 65% developable share x local density",Small samples non-random; outliers; SE not computable,"pp. 4-13, Tables 1-2, Fig. 7",full text
G01,"Abadie (2021) JEL 59(2):391-425, Using Synthetic Controls",Guidance: synthetic control methodology,"Restrict donor pool to units similar to treated; exclude units that adopted similar interventions, suffered large idiosyncratic shocks, or may be affected by spillovers.",Pre-intervention outcomes plus predictive covariates.,V by out-of-sample validation (training/validation split); penalized SC (Abadie-L'Hour); bias correction; demeaning for extreme levels.,Do not use SC if pre-fit poor; perfect fit caution; long pre-period needed.,Aggregate units,n/a,Rescale for size (per capita) when weights sum to one; filter noise; differences/growth rates if outside convex hull.,n/a,Backdate to before anticipation; in-time placebo.,Drop affected donors or sign the bias.,Placebo permutation on post/pre RMSPE ratio; one-sided.,Leave-one-out; sparsity.,Long pre-window; up-weight recent periods.,Volatility; convex hull; structural breaks.,pp. 396-419,working paper version
G02,"Stuart (2010) Matching methods for causal inference, Statistical Science 25(1):1-21",Guidance: matching/weighting design separate from outcomes,Controls selected to resemble treated on covariate distribution; restrict to common support,All confounders related to treatment and outcome; err on inclusion; never post-treatment variables,"Distance: exact, Mahalanobis (<8 covs), PS, linear PS; CEM; Mahalanobis within PS calipers (0.2-0.25 SD of logit PS); NN k:1 with/without replacement, subclassification (5-10), full matching, odds weights (ATT), IPTW (ATE)",SMD <0.1 (strict) or <0.25; variance ratios 0.5-2; QQ plots; do NOT use hypothesis tests for balance,n/a,n/a,n/a,Specify estimand ATT vs ATE,n/a,n/a,Account for weights; regression adjustment on matched sample (double robustness),"Sensitivity to hidden bias (Rosenbaum bounds), placebo outcomes",Design stage before looking at outcomes,Unobserved confounding,"Sections: distance measures, matching methods, diagnostics, outcome analysis, sensitivity (arXiv 1010.5586)",full text
G03,"Roth, Sant'Anna, Bilinski & Poe (2023) What's trending in DiD? J. Econometrics 235(2)","Guidance: DiD with staggered timing, conditional PT, sensitivity, inference",Choose never-treated vs not-yet-treated explicitly; avoid already-treated as controls,Pre-treatment covariates only; lagged outcomes change the assumption to unconfoundedness,"Callaway-Sant'Anna, Sun-Abraham, Borusyak-Jaravel-Spiess imputation, (stacked/dCDH) instead of TWFE; doubly robust / outcome regression / IPW for conditional PT",Pre-trend tests have low power and pre-test bias; use Rambachan-Roth HonestDiD breakdown values; parallel trends not invariant to logs vs levels,n/a,n/a,State functional form (levels vs logs) explicitly,Staggered; warns TWFE negative weights; avoid binned endpoints in event studies,No-anticipation assumption; can shift reference period,SUTVA assumed,"Cluster at assignment level; few treated clusters -> wild/cluster bootstrap, randomization inference, Conley-Taber",Sensitivity analysis; report estimator-robust event studies,n/a,Survey paper,"Sections 3-5, Table 1 checklist, Table 2 software (arXiv 2201.01194)",full text
G04,"Westreich, Edwards, Lesko, Stuart & Cole (2017) Am J Epidemiol 186(8):1010-1014, Transportability of trial results using inverse odds of sampling weights","Methods paper: transport an effect estimated in a study sample (S=1) to a separate, possibly non-overlapping, target population (S=0)",Target population described by covariate data only (no outcomes needed),"Z must be 'S-admissible': pretreatment covariates that d-separate sampling from outcome, i.e. effect modifiers whose distribution differs between sample and target","Stack sample and target; fit logistic P(S=1|Z); weight sample units by W=[P(S=0|Z)/P(S=1|Z)]x[P(S=1)/P(S=0)], target rows weight 0; fit outcome/effect model on weighted sample. Unlike IPSW (sample nested in target), IOSW allows disjoint populations and is invariant to target size",Paper stresses positivity (P(S=1|Z=z)>0 across target); little else on diagnostics in what I read. Related Stuart et al. 2011/2015 work recommends comparing mean propensity score between sample and target and checking covariate balance after weighting (not read here: Springer page was rate-limited),Individual,Generic outcome (illustration: virologic failure),Risk difference in illustration (crude -0.10 -> transported -0.16),Treatment as in the trial; consistency requires same treatment versions in target,n/a,Assumes no interference and the same interference patterns,Not detailed in what I read (bootstrap is the usual choice),n/a,n/a,Needs correct sampling model; positivity; conditional transportability given measured Z; unmeasured effect modifiers bias results,Methods & illustrative example sections (OUP HTML),full text
