id,scenario,authors,year,title,venue,place,evidence_type,data,method,counterfactual,key_finding,lotline_use,verified,url
E001,missing_middle,"Greenaway-McGrevy, R. & Phillips, P.C.B.",2023,The impact of upzoning on housing construction in Auckland,Journal of Urban Economics 136:103555,"Auckland, NZ",causal,Geocoded building consents 2010-2021 matched to zoning maps; 479 Statistical Areas,"Difference-in-differences, upzoned vs non-upzoned areas; treatment dated 2015 for anticipation; partial (set) identification bounding spillovers from control areas (Rambachan-Roth style)","Trend in non-upzoned residential areas, with bounds allowing that trend to be inflated by displacement","~21,808 extra dwellings consented over 2016-21 (~4.1% of stock); all in attached housing; robust to a 4x control-area trend",Upper-bound calibration for MM hazard; template for displacement bounds,yes,https://cowles.yale.edu/sites/default/files/2024-02/p1863.pdf
E002,missing_middle,"Greenaway-McGrevy, R.",2026,Can zoning reform increase housing construction? Evidence from Auckland,Economic Modelling 160:107592,"Auckland, NZ",causal,"Regional building consents per capita, NZ regions","Synthetic control on demeaned pre-period outcomes (Ferman-Pinto), donor pool = NZ Functional Urban Areas","Weighted combination of other NZ Functional Urban Areas (commuting zones), matched on demeaned 1991-2015 consents","Consents per capita ~doubled within 5 yrs; ~52,200 extra consents (46% of total) over 7 yrs",Upper bound; example of city-level synthetic control,yes,https://ideas.repec.org/a/eee/ecmode/v160y2026ics0264999326001215.html
E003,missing_middle,"Greenaway-McGrevy, R., Pacheco, G. & Sorensen, K.",2021,"The effect of upzoning on house prices and redevelopment premiums in Auckland, New Zealand",Urban Studies 58(5):959-976,"Auckland, NZ",causal,Property sales and valuations,Hedonic difference-in-differences on upzoned vs non-upzoned parcels,Comparable non-upzoned parcels,Upzoning raised the redevelopment premium (option value); intensively developed sites lost value,Land-price capitalization; feasibility erosion in pro forma,yes,https://ideas.repec.org/a/sae/urbstu/v58y2021i5p959-976.html
E004,missing_middle,"Maltman, M. & Greenaway-McGrevy, R.",2025,Going it alone: The impact of upzoning on housing construction in Lower Hutt,Journal of Housing Economics 67:102032,"Lower Hutt, NZ",causal,Building consents by territorial authority,Synthetic control for a single city,Weighted donor NZ cities,"~3,006 extra consents 2018-23 (~62% of total; 3,260/66% in WP); consents per capita ~3x; regional starts +10-18% after displacement; rents ~21% below counterfactual (published version)",Single-city analog most like a local-mode run,yes,https://www.sciencedirect.com/science/article/pii/S1051137724000512
E005,missing_middle,"Donovan, S. & Maltman, M.",2025,Dispelling myths: Reviewing the evidence on zoning reforms in Auckland,Land Use Policy 151:107498,"Auckland, NZ",debate,Review of Auckland studies,"Rebuttal to Murray & Helm critique (cycles, migration, pre-trends)",n/a,Argues Auckland effect is robust,Read with critique to judge upper bound,yes,https://ideas.repec.org/a/eee/lauspo/v151y2025ics0264837725000316.html
E006,missing_middle,"Anagol, S., Ferreira, F. & Rexer, J.",2026,Estimating the Economic Value of Zoning Reform,AEJ: Economic Policy 18(3):235-74,"Sao Paulo, Brazil",causal + structural,"~30,000 residential permits 1997-2020; property-tax cadastre",Spatial regression discontinuity at city-block zoning boundaries (running variable: distance to boundary); IV scaling per unit of allowed FAR; equilibrium model,Blocks just across the boundary that were not upzoned,"Per +1 allowed FAR, multifamily permits +28-63% (~66% at boundary) in 2024 manuscript (check published tables); effect after ~1 yr and growing; no SF effect; stock +1.6%, prices -0.4%, welfare +0.65% of city GDP (published abstract)",Ramp-up shape; boundary-RD template,yes,https://www.aeaweb.org/articles?id=10.1257%2Fpol.20230542
E007,missing_middle,"Büchler, S. & Lutz, E.",2024,Making housing affordable? The local effects of relaxing land-use regulation,Journal of Urban Economics 143:103689,"Canton of Zurich, Switzerland",causal,"100 m raster cells, 168 municipalities, 1995-2020","Staggered DiD (TWFE + Sun-Abraham), last-treated cells as controls",Last-treated raster cells (upzoned 2015-2020); 5-year periods,~+9% living space (units +7-9% range) within 5-10 yrs; larger upzonings +11-13%; effects only where zoning bound and rents high; no local rent effect,Template for staggered design; heterogeneity by market strength,yes,https://www.sciencedirect.com/science/article/pii/S0094119024000597
E008,missing_middle,"Kulka, A., Sood, A. & Chiumenti, N.",2022,Under the (Neighbor)Hood: Understanding Interactions Among Zoning Regulations (formerly 'How to Increase Housing Affordability'),Review of Economics and Statistics (forthcoming/published; SSRN rev. Feb 2026),Greater Boston (101 municipalities),causal,MAPC zoning atlas + parcel/building data,Spatial regression discontinuity at zoning-district boundaries (within 0.3 mi),Parcels just across a boundary with stricter rules,2021 version: raising allowed units/acre +0.48 units per building (+28%); +1.52 (+58%) combined with height; use or height alone does little,Supports assuming density limits relaxed with use; MM design detail,partial,https://www.bostonfed.org/publications/research-department-working-paper/2022/how-to-increase-housing-affordability-understanding-local-deterrents-to-building-multifamily-housing.aspx
E009,missing_middle,"Liao, H.-L.",2023,The Effect of Rezoning on Local Housing Supply and Demand: Evidence from New York City,Working paper (venue unverified),New York City,causal,PLUTO parcel data; Infutor address histories,"DiD vs control areas within 1,000 ft outside rezoning boundaries",Nearby parcels outside the rezoned area,+4% units after 7 yrs (+8% where capacity rose >50%); significant after 2-3 yrs (figures from secondary summary; not in abstract),Lag/ramp; dose-response by capacity increase,partial,https://papers.hsilingliao.com/Upzoning_Liao_JMP.pdf
E010,missing_middle,"Freemark, Y., Su, Y. & Curran-Groome, W.",2026,How Big Upzonings Affect Housing Supply,Urban Institute report,New York City; Philadelphia,causal,Local permit and parcel data,"Generalized full matching (MatchIt) with exact matching on pre-period unit counts, then event-study DiD (Sun-Abraham)",Matched non-rezoned areas,"NYC's 7 rezonings added >4,000 units in 4 yrs; weak markets (Jerome Ave) no effect",Market-strength heterogeneity,yes,https://www.urban.org/research/publication/how-big-upzonings-affect-housing-supply
E011,missing_middle,"Freemark, Y.",2020,Upzoning Chicago: Impacts of a Zoning Reform on Property Values and Housing Construction,Urban Affairs Review 56(3):758-789,Chicago,causal,Parcel sales and permits near transit,"Difference-in-differences, upzoned TOD parcels vs comparable parcels",Later-treated parcels from the 2015 TOD expansion plus never-treated parcels,Land/condo values rose; no short-run (5-yr) increase in permits,Low-bound case; land-price capitalization,yes,https://journals.sagepub.com/doi/abs/10.1177/1078087418824672
E012,missing_middle,"Stacy, C., Davis, C., Freemark, Y., Lo, L., MacDonald, G., Zheng, V. & Pendall, R.",2023,Land-use reforms and housing costs: Does allowing for increased density lead to greater affordability?,Urban Studies,"1,136 cities in 8 US metros",causal (disputed),180 reforms 2005-19 found by ML newspaper search; USPS address counts,Panel with city fixed effects and city-specific trends; event windows,Same city's pre-trend and non-reforming cities,"Loosening reforms: +0.8% housing supply 3-9 yrs later, concentrated in higher-rent units",Low-bound for broad reforms; lesson on reform coding,yes,https://www.urban.org/sites/default/files/2023-03/Land-Use%20Reforms%20and%20Housing%20Costs.pdf
E013,missing_middle,"Peter, T., Tracy, J.S., Pinto, E.J. & Baker, A.",2026,A Critique of an Urban Studies Article on the Housing Supply Impact of Land Use Reforms,Econ Journal Watch 23(1):88-134,US,debate,Re-audit of the 180 coded reforms,Re-coding reforms; case studies of by-right reforms,n/a,Argues many coded reforms were duplicates/minor/poison-pilled ('1-2.5%/yr from by-right reforms' claim unverified),Why Lotline must publish reform-coding rules,yes,https://econjwatch.org/file_download/1409/PeterEtAlMarch2026.pdf
E014,missing_middle,"Stacy, C., Freemark, Y. & Lo, L.",2026,Reply to 'A Critique of an Urban Studies Article on the Housing Supply Impact of Land Use Reforms',Econ Journal Watch 23(1):135-138,US,debate,n/a,n/a,n/a,Defends original estimates,Read alongside critique,yes,https://econjwatch.org/file_download/1398/StacyEtAlMarch2026.pdf
E015,missing_middle,"Gray, M.N. & Millsap, A.A.",2023,Subdividing the Unzoned City: An Analysis of the Causes and Effects of Houston's 1998 Subdivision Reform,Journal of Planning Education and Research 43(4):990-1006,"Houston, TX",descriptive,Parcel/subdivision records inside I-610,Descriptive spatial analysis of small-lot development,n/a,"Townhouse development concentrated in middle-income, underbuilt neighborhoods; opt-out mechanism mattered",Houston as long-run MM analog,partial,https://journals.sagepub.com/doi/abs/10.1177/0739456X20935156
E016,missing_middle,"Horowitz, A. & Roche, T. (Pew), from research by Wegmann, J., Baqai, A.N. & Conrad, J.",2023,Lot Size Reform Unlocks Affordable Homeownership in Houston,Pew issue brief,"Houston, TX",descriptive,Parcel and permit records 2007-2020,Before/after counts,n/a,">34,000 townhouses 2007-20; only ~0.5% of SF parcels converted (~0.04%/yr derived); ~80% built on former non-SF land",Low-end MM hazard calibration,yes,https://www.pew.org/en/research-and-analysis/issue-briefs/2023/09/lot-size-reform-unlocks-affordable-homeownership-in-houston
E017,missing_middle,"Hamilton, E.",2024,The Effects of Minimum-Lot-Size Reform on Houston Land Values,Cityscape 26(3):159-186,"Houston, TX",causal,Harris County Appraisal District land values 2005-21,DiD across the I-610 Loop boundary,Neighborhoods across the I-610 boundary (inside-Loop area itself reformed in 1998); appraised land values,Preferred estimate ~-9.4% land values (significant at 10%); broad-sample estimates not significant,Land-price response in pro forma,yes,https://www.huduser.gov/portal/periodicals/cityscape/vol26num3/ch9.pdf
E018,missing_middle,"Kuhlmann, D.",2021,Upzoning and Single-Family Housing Prices: A (Very) Early Analysis of the Minneapolis 2040 Plan,Journal of the American Planning Association 87(3):383-395,"Minneapolis, MN",causal,Home sales,"DiD, Minneapolis vs surrounding areas, by redevelopment potential",Sales outside Minneapolis,Prices of affected SF homes rose ~2.9-5.7% vs surrounding cities depending on buffer; larger in cheaper neighborhoods and for smaller homes,Land-price capitalization,yes,https://www.tandfonline.com/doi/abs/10.1080/01944363.2020.1852101
E019,missing_middle,"Liang, L., Staveski, A. & Horowitz, A. (Pew)",2024,Minneapolis Land Use Reforms Offer a Blueprint for Housing Affordability,Pew article,"Minneapolis, MN",descriptive,Permits and ACS 2017-2022,Before/after comparison with rest of Minnesota,Rest of state (not a formal counterfactual),"Stock +12% vs +4% rest of MN; rents +1% vs +14%; only ~1% of new units in 2-4 unit buildings, 87% in 20+",Near-zero MM case when floor area binds,yes,https://www.pew.org/en/research-and-analysis/articles/2024/01/04/minneapolis-land-use-reforms-offer-a-blueprint-for-housing-affordability
E020,missing_middle,"Gu, H. & Munro, D.",2025,Zoning Reforms and Housing Affordability: Evidence from the Minneapolis 2040 Plan,GLO Discussion Paper 1629,"Minneapolis, MN",causal,"Price and rent indices, 83 donor cities",Synthetic control with placebo (permutation) inference,Weighted donor cities,"Prices 16-34% and rents 17-34% below counterfactual over 5 yrs, attributed to weaker demand not new supply",Caution: price effects are not supply effects,yes,https://ideas.repec.org/p/zbw/glodps/1629.html
E021,missing_middle,"Hembre, E., Horowitz, B., Starling, L. & Xu, M. (Minneapolis Fed)",2025,Unpacking supply and demand in rent trends since the Minneapolis 2040 Plan,Minneapolis Fed article,"Minneapolis, MN",descriptive,"Rents, permits, population","Synthetic control per indicator: 126 principal-city donors (150k-2M pop.), excluding reformers and St. Paul; post/pre RMSE-ratio rank inference",n/a,"Rents rose 3.2 pp less than comparison cities 2019-23, attributed mainly to a 2020 demand shock; >18,000 MF units permitted 2018-22; only 225 units in 2-4-plexes through 2024",Context for Minneapolis,yes,https://www.minneapolisfed.org/article/2025/unpacking-supply-and-demand-in-rent-trends-since-the-minneapolis-2040-plan
E022,missing_middle,City of Portland Bureau of Planning and Sustainability,2025,Middle Housing in the Single-Dwelling Zones: Progress Report 2018-2024,City monitoring report,"Portland, OR",descriptive,City permit records by zone; ~148k single-dwelling lots,Before/after monitoring by zone,Pre-reform permit levels,">1,400 ADU + middle units Aug 2021-Jun 2024; 'just over 4' middle units per 1,000 lots in R2.5, ~2 in R5 (report does not state if annual or define 'lot'); units per demolition 1.68 -> 3.88",Core US MM hazard calibration and backtest target,yes,https://www.sightline.org/wp-content/uploads/2025/02/Monitoring-reports-Middle-Housing-in-the-Single-Dwelling-Zones-Progress-Report-2018-2024-January-2025.pdf
E023,missing_middle,City of Portland BPS,2018,Residential Infill Project: revised economic analysis (staff briefing),City staff briefing,"Portland, OR",ex-ante simulation,Parcel data; pro forma prototypes,Pre-adoption feasibility forecast,No-reform baseline,"Projected +24,000 units over 20 yrs; +117 demolitions",Backtest: compare ex-ante forecast to realized 2021-24,partial,https://www.portland.gov/bps/planning/rip/news/2018/12/20/residential-infill-project-staff-briefs-psc-revised-economic
E024,missing_middle,"Andersen, M. (Sightline Institute)",2025,"Oregon's zoning reforms are working, but they need some upgrades",Sightline article,"Oregon (45 cities, HB 2001)",descriptive,City permit data,Before/after shares of permits,Pre-reform shares,"Middle housing 8% -> 11% of permits across 45 cities; Portland 26% by yr 3; many cities ~0; design details (detached allowed, size, SDC scaling) mattered",Cross-city heterogeneity for comparable-places prong,yes,https://www.sightline.org/2025/06/04/oregons-zoning-reforms-are-working-but-they-need-some-upgrades/
E025,missing_middle,Planetizen (reporting city data),2026,Missing middle housing accounted for nearly 20% of Spokane permits in 2025,News summary,"Spokane, WA",descriptive,City permit data,Before/after,Pre-reform shares,Middle housing incl. ADUs 3-4% of units (2020-22) -> ~20% (2025),High-uptake comparable,partial,https://www.planetizen.com/news/2026/05/137625-missing-middle-housing-accounted-nearly-20-spokane-permits-2025
E026,missing_middle,"Metcalf, B., Garcia, D., Carlton, I. & MacFarlane, K. (Terner Center)",2021,Will Allowing Duplexes and Lot Splits on Parcels Zoned for Single-Family Create New Homes? Assessing the Viability of New Housing Supply Under California's Senate Bill 9,Terner Center brief (July 2021),California (SB 9),ex-ante simulation,7.5M SF parcels (UrbanFootprint) -> 6.1M eligible; early-2020 prices and costs,Parcel pro forma (MapCraft): 652 prototypes per parcel; residual land value vs existing value,Status quo feasibility on each parcel,"~700,000 market-feasible units on 410,000 parcels; only 110,000 parcels newly feasible; costs -10% -> +36k units, prices +10% -> +57k; 'not a forecast'",Pro forma template; capacity vs realization gap,yes,https://ternercenter.berkeley.edu/wp-content/uploads/2021/07/SB-9-Brief-July-2021-Final.pdf
E027,missing_middle,"Garcia, D. & Alameldin, M. (Terner Center)",2023,California's HOME Act Turns One: Data and Insights from the First Year of Senate Bill 9,Terner Center brief,California (SB 9),descriptive,City application records,Counts of applications in year 1,n/a,LA 211 unit applications in ~11 months; San Diego 7,Low-bound realization,yes,https://ternercenter.berkeley.edu/research-and-policy/sb-9-turns-one-applications/
E028,missing_middle,"Wegmann, J., Chapple, K., Wofford, A., Lee, L.-P., Flom, A., Beckley, V. & Armstrong, H.",2024,Missing No Longer? Taking Stock of Local and Statewide Middle Housing Reforms in California,UC Berkeley CCI / UT Austin report,California (SB 9),descriptive,Statewide permit/application records,Counts and barrier interviews,n/a,"266 projects permitted/completed (310 approved, 25 completed in report table) vs 6.1M eligible parcels (Terner-simulated denominator) by end-2023; barriers: owner-occupancy, lien releases, lot-split fees $30-50k, utility connection fees $50-100k, ADU competition",Low-bound MM hazard; list of friction parameters,yes,https://www.aducalifornia.org/wp-content/uploads/2024/12/Missing-No-Longer.pdf
E029,missing_middle,NZ Ministry for the Environment,2020,Guidance on Housing and Business Development Capacity Assessments (HBAs) under the National Policy Statement on Urban Development,Government guidance,New Zealand,method,Council parcel and consent data,Four-tier capacity funnel: plan-enabled -> infrastructure-ready -> commercially feasible -> reasonably expected to be realised,n/a,Prescribes the funnel; realization tier calibrated locally to consent history,Structure for Lotline's parcel funnel,yes,https://environment.govt.nz/assets/publications/Files/mfe-Guidance-on-Housing-and-Business-Development-Capacity-Assessments-HBAs-under-the-NPS-2020.pdf
E030,missing_middle,"Property Economics (Osborne, P. & Heath, T.) for Wellington City Council",2022,Wellington City Commercially Feasible Residential Capacity Assessment,Council technical report,"Wellington, NZ",ex-ante simulation,"Parcel data, sales, construction costs","Parcel pro forma with profit hurdles (17-20% infill, 20-23% redevelopment, 28-39% apartments); stress test",Existing use value,"Plan-enabled 242,850 -> feasible ~140,700 -> realisable ~127,370; prices -10%/costs +10% cuts realisable by 42%",Profit-margin thresholds; stress-test design,partial,https://wellington.govt.nz/-/media/your-council/plans-policies-and-bylaws/district-plan/proposed-district-plan/reports/supplementary-documents/wellington-city-commercially-feasible-residential-capacity-assessment.pdf
E031,missing_middle,Zillow Research,2019,A Modest Proposal: How Even Minimal Densification Could Yield Millions of New Homes,Zillow research note,17 large US metros,ex-ante simulation,Parcel/lot counts,"Assumed-share scenario (e.g., 10% of lots become duplexes)",n/a,"10% duplex conversion -> ~3.3M units over 20 yrs (assumption, not estimate)",Example of what NOT to do: assumed uptake without calibration,partial,https://www.zillow.com/research/modest-densification-new-homes-25881/
E032,mechanism,"Waddell, P.",2002,"UrbanSim: Modeling Urban Development for Land Use, Transportation, and Environmental Planning",Journal of the American Planning Association 68(3):297-314,US metros,ex-ante simulation,"Parcels, households, jobs",Agent-based parcel microsimulation; developer pro forma + discrete choice,Model-simulated baseline,Demand (target vacancy) sets how much is built; profit-weighted draws set where,"Architecture for parcel engine (ideas only, no code reuse)",yes,https://www.tandfonline.com/doi/abs/10.1080/01944360208976274
E033,mechanism,UDST (UrbanSim developer model docs),,Developer model: SqFtProForma and Developer.pick(),Software documentation,n/a,method,n/a,Per-parcel pro forma picks most profitable FAR; profit-weighted parcel selection,n/a,n/a,Concrete reference implementation of pro forma + selection,partial,https://udst.github.io/developer/developer.html
E034,mechanism,"Dye, R.F. & McMillen, D.P.",2007,Teardowns and land values in the Chicago metropolitan area,Journal of Urban Economics 61(1):45-63,Chicago metro,causal,Property sales and demolition records,Probit model of teardown probability; hedonic land-value estimation,n/a,"Teardown sale price ~ land value; small old homes near rail/village centers torn down; ~0.4%/yr city, ~1.3%/yr hot suburbs (derived)",Parcel-level redevelopment hazard predictors; upper bound for hot markets,yes,https://www.sciencedirect.com/science/article/abs/pii/S0094119006000581
E035,mechanism,"Rosenthal, S.S. & Helsley, R.W.",1994,Redevelopment and the urban land price gradient,Journal of Urban Economics 35(2):182-200,Vancouver,causal,Sales of teardown vs non-teardown properties,Compare prices of redeveloped parcels (land value) with parcels in current use,n/a,Redevelopment occurs when vacant-land value exceeds value in current use,Theoretical basis of the feasibility threshold,yes,https://ideas.repec.org/a/eee/juecon/v35y1994i2p182-200.html
E036,mechanism,"Murphy, A.",2018,A Dynamic Model of Housing Supply,AEJ: Economic Policy 10(4):243-67,San Francisco Bay Area,structural,Parcel-level construction and land sales,Dynamic optimal-stopping model of when and what to build,Model-simulated no-change path,Timing and cost cycles make supply less elastic; feasible does not mean built,Justifies hazard (not 'feasible = built'),yes,https://www.aeaweb.org/articles?id=10.1257%2Fpol.20150297
E037,adu,"Marantz, N.J., Elmendorf, C.S. & Kim, Y.B.",2023,Where Will Accessory Dwelling Units Sprout Up When a State Lets Them Grow? Evidence from California,Cityscape 25(2):107-118,California (9 Bay Area + 5 SoCal counties),descriptive,"HCD APR parcel records 2018-21 (43,160 ADU parcels) merged to assessor parcels, BPS, ACS, job access","Descriptive + tract-level regressions of ADU counts on lot size, rent, vacancy, owner-occupancy, HOA density",n/a (cross-section),"ADUs ~13% of Bay Area and ~19% of SoCal permits; concentrate in job-accessible, mid-rent tracts; HOA areas lag",Parcel-level heterogeneity multipliers; APR data template,yes,https://www.huduser.gov/portal/periodicals/cityscape/vol25num2/ch5.pdf
E038,adu,"Chapple, K., Garcia, D., Valchuis, E. & Tucker, J.",2020,Reaching California's ADU Potential: Progress to Date and the Need for ADU Finance,Terner Center / CCI report,California,descriptive,HCD APR permits and completions; surveys,Before/after counts; barrier survey,Pre-2017 levels,"Statewide ADU permits 5,911 (2018), 15,571 (2019); 654 (2016) and 3,126 (2017) cover only the largest cities (earlier Terner report); City of LA ~80 (2016) -> ~1,980 (2017); financing is the top barrier",ADU uptake curve; backtest target,yes,https://ternercenter.berkeley.edu/wp-content/uploads/pdfs/Reaching_Californias_ADU_Potential_2020.pdf
E039,adu,"Chapple, K., Ganetsos, D. & Lopez, E.",2021,Implementing the Backyard Revolution: Perspectives of California's ADU Owners,UC Berkeley CCI report,California,survey,Survey of ADU owners (n=694),Owner survey,n/a,"32% rented to non-family tenants; 16% family at no cost; 8% short-term rental; 16% office/guest; 28% vacant/other; median cost $150k ($250/sf); median rent $2,000",Net-new housing share (haircut); ADU cost for pro forma,yes,https://www.aducalifornia.org/wp-content/uploads/2021/04/Implementing-the-Backyard-Revolution.pdf
E040,adu,"Brueckner, J.K. & Thomaz, S.",2024,ADUs in Los Angeles: Where are they located and by how much do they raise property value?,Real Estate Economics 52(3):885-907,Los Angeles County,causal + descriptive,Parcel panel 2013-19 (~680k parcels) linked to permits,Location (logit-type) model; hedonic value estimation; earlier JMP used post-law IV,n/a for counts,"ADUs less likely on large lots with newer homes and at dense locations; cluster near commercial districts and transit; scarce in higher-income and Black areas, more common in Latino areas; property value +7-9% (parcel-share and permit counts from working-paper version, unverified)",Parcel propensity predictors; LA uptake rate,yes,https://ideas.repec.org/a/bla/reesec/v52y2024i3p885-907.html
E041,adu,"Bhatt, I.",2023,"Yes, Literally, In My Backyard: The Effect of 'Gently' Upzoning Single-Family Neighborhoods",Harvard M-RCBG Associate Working Paper 203,"Los Angeles, San Diego, San Francisco",causal,"Parcel/zone-level ADU permits, rents, prices",DiD: single-family zones vs 2-3-family zones around 2016/17 legalization,2-3-family zones (already allowed second units),Single-family zones permitted 0.04-0.05 more ADUs per zone per year than 2-3-family zones; not enough to lower rents; no property value drop larger than 3%,Closest to a causal CA production estimate,yes,https://www.hks.harvard.edu/centers/mrcbg/publications/awp/awp203
E042,adu,"Tanrisever, I.",2025,Spillover effects of ADU development,Regional Science and Urban Economics 114:104136,Los Angeles,causal,LA parcels and sales 2013-21,IV: eligibility x post-2017,Ineligible parcels / pre-period,+0.5 pp ADU density lowers nearby prices ~3%; significant within 300 m; stronger on small lots and in low/mid-rent areas (LA 2013-21),Neighborhood effects; political feedback,yes,https://www.sciencedirect.com/science/article/pii/S0166046225000535
E043,adu,"Kim, D., Baek, S.-R., Garcia, B., Vo, T. & Wen, F.",2022,The influence of accessory dwelling unit (ADU) policy on the contributing factors to ADU development: an assessment of the city of Los Angeles,Journal of Housing and the Built Environment,City of Los Angeles,descriptive,Parcel ADU permits pre/post ordinance,Multilevel logistic regression,n/a,"After reform, property characteristics predicted ADUs less; bus access became significant",Supports rate x eligible parcels with modest multipliers,yes,https://link.springer.com/article/10.1007/s10901-022-10000-2
E044,adu,City of Seattle OPCD,2024,2023 Accessory Dwelling Unit Report (published July 2024),City report,"Seattle, WA",descriptive,City ADU permits 2010-2023,Before/after counts,Pre-2019 levels,"~137/yr (2010-15), ~263/yr avg 2016-19 (243 in 2018); 771 (2021), 987 (2022), 987 (2023); ~10% have STR licenses",Seattle uptake curve; backtest target,yes,https://www.seattle.gov/documents/Departments/OPCD/OngoingInitiatives/EncouragingBackyardCottages/OPCD-ADU-Report-2023.pdf
E045,adu,"Chapple, K., Wegmann, J., Mashhood, F. & Coleman, R.",2017,"Jumpstarting the Market for Accessory Dwelling Units: Lessons Learned from Portland, Seattle and Vancouver",Terner Center / ULI report,"Portland, Seattle, Vancouver",survey + descriptive,Permit series; owner survey,Before/after shares; owner survey,n/a,"ADU share of permits 2009 -> 2015: Portland 3.0% -> 10.9%, Seattle 0.8% -> 2.1%, Vancouver 0.6% -> 6.3%; ~60% permanent housing; 12% STR; 4% borrowed against the ADU's future value (~40% used home equity)",Cross-city comparables; financing constraint,yes,https://www.urbandisplacement.org/wp-content/uploads/2021/09/Jumpstarting_the_Market_-_ULI.pdf
E046,adu,"Lo, L.R.P., Noble, O., Levy, D.K. & Pendall, R. (Urban Institute)",2020,Land Use Reforms for Housing Supply: Case Studies on the Process for Passing and Implementing Regulation Changes,Urban Institute report,"Portland, OR; Washington, DC",descriptive,City permits; interviews,Qualitative comparative case study,n/a,"Portland ADUs ~10% of new housing in 2019; 4,047 cumulative 1995-2019; DC peak 30 permits (2018)",Strong vs partial reform contrast,yes,https://www.urban.org/sites/default/files/2023-08/Land%20Use%20Reforms%20for%20Housing%20Supply.pdf
E047,adu,Housing Solutions Lab (NYU Furman Center),2021,"Facilitating the development of ADUs in Portland, OR (case study)",Case study,"Portland, OR",descriptive,City permit series,Before/after around 2010 SDC waiver,Pre-2010 levels,25 (2009) -> 70 (2010) -> 85 (2011) -> 472 (2018); SDCs of $7-12k suspended 2010-18 and waived permanently 2018; confounded by 2010 size-limit increase,Fee-waiver comparable (confounded),partial,https://www.housingsolutionslab.org/publication/facilitating-the-development-of-accessory-dwelling-units-in-portland-or/
E048,adu,"Davidoff, T., Pavlov, A. & Somerville, T.",2022,Not in my neighbour's back yard? Laneway homes and neighbours' property values,Journal of Urban Economics 128:103405,"Vancouver, BC",causal,Property sales; laneway permits,Hedonic DiD around neighboring laneway construction,Properties without new neighboring laneways,Negative spillover ~5.7% only for top-quartile neighbors (abstract); overall -3.8% not significant,Vancouver uptake context; spillovers,yes,https://www.sciencedirect.com/science/article/abs/pii/S0094119021000875
E049,adu,"Jo, N., Vallebueno, A., Ouyang, D. & Ho, D.E.",2024,Not (Officially) in My Backyard: Characterizing Informal Accessory Dwelling Units and Informing Housing Policy With Remote Sensing,Journal of the American Planning Association,"San Jose, CA",descriptive (measurement),Satellite imagery + permit records 2016-20,Computer-vision detection of new structures vs permits,n/a,~78% (CI 74-81%) of detached ADU construction in San Jose 2016-20 was unpermitted (~3-4 informal per formal),Formalization share: permits overstate net new units after reform,yes,https://law.stanford.edu/wp-content/uploads/2024/07/2024-07-16_Not-Officially-in-My-Backyard.pdf
E050,adu,Freddie Mac,2020,"Granny Flats, Garage Apartments, In-Law Suites: Identifying Accessory Dwelling Units from Real Estate Listing Descriptions Using Text Mining",Freddie Mac research note,US,descriptive,MLS listing text,Text mining of listings,n/a,6.8% of active for-sale listings mentioned ADUs (2019); cites a 2009 survey estimating 34-80% of SF homes in three LA neighborhoods had unpermitted units,Informal ADU stock context,yes,https://www.freddiemac.com/fmac-resources/research/pdf/202006-Insight-10.pdf
E051,adu,"Crane, R.E. (UCLA Ziman Center)",2020,Transforming Homeowners into Landlords: A Survey of Homeowners with Accessory Dwelling Units in Los Angeles,UCLA Ziman Center working paper,Los Angeles,survey,Survey of LA ADU permittees 2013-18 (n=321),Owner survey,n/a,76% used as residences; 16% non-residential; higher-income owners more likely non-residential,Net-new housing share,yes,https://www.anderson.ucla.edu/documents/areas/ctr/ziman/2020-12WP.pdf
E052,adu,"Brown, M.J. & Palmeri, J. (Oregon DEQ)",2014,"Accessory Dwelling Units in Portland, Oregon: Evaluation and interpretation of a survey of ADU owners",Oregon DEQ report,"Portland, OR",survey,ADU owner survey (n~200+),Owner survey,n/a,80% long-term residences; 13% zero rent; 5% STR; 2.4% vacant,Net-new housing share,yes,https://www.oregon.gov/deq/FilterDocs/ADU-surveyinterpret.pdf
E053,adu,"Brinig, M.F. & Garnett, N.S.",2013,A Room of One's Own? Accessory Dwelling Unit Reforms and Local Parochialism,The Urban Lawyer 45(3):519-569,California,descriptive (legal),Local ordinances,Legal/ordinance review,n/a,Pre-2017 local ordinances neutralized state ADU mandates,Why implementation details matter,partial,https://scholarship.law.nd.edu/law_faculty_scholarship/286/
E054,adu,"Wielga, C.",2023,Accessory Dwelling Units and the Preemption of Land Use Regulation,Cityscape 25(3):99-122,9 US states,descriptive (legal),State statutes,Taxonomy of preemption provisions,n/a,"Classifies state laws; notes CA >23,000 ADU permits in 2022; no causal claim",Reform-coding rules for comparable places,yes,https://www.huduser.gov/portal/periodicals/cityscape/vol25num3/ch5.pdf
E055,adu,"Ramsey-Musolf, D.",2018,Accessory Dwelling Units as Low-Income Housing: California's Faustian Bargain,Urban Science 2(3):89,57 California cities,descriptive,City housing element reports 2007-14,Counts vs affordability claims,n/a,"759 ADUs built (57 cities, 2007-14); none identified as available low-income housing; no zoning code enforced low-income occupancy",Pre-reform CA baseline,yes,https://www.mdpi.com/2413-8851/2/3/89
E056,adu,"Hamilton, E. & Houseal, A. (Mercatus)",2023,Legalizing Accessory Dwelling Units at the State Level: A New Hampshire Case Study,Mercatus policy brief,New Hampshire,descriptive,Municipal ADU counts after SB 146 (2017),Before/after counts,n/a,"Town rates ~0.12 to ~1.46 ADUs per 1,000 SF houses per year under a partial state reform",Weak/partial-reform comparable,yes,https://www.mercatus.org/research/policy-briefs/new-hampshire-adu
E057,adu,DesegregateCT,2023,Public Act 21-29 initial findings (ADU opt-out),Advocacy report,Connecticut,descriptive,Municipal opt-out decisions,Descriptive,n/a,115 of 169 towns (~68%) opted out of ADU provisions,Opt-out as implementation risk,yes,https://accessorydwellings.org/wp-content/uploads/2024/06/ae3e0-publicact21-29initialfindings-desegregatect28129.pdf
E058,fees,"Mayer, C.J. & Somerville, C.T.",2000,Land use regulation and new construction,Regional Science and Urban Economics 30(6):639-662,44 US metros,causal,Quarterly permits 1985-96; Wharton regulation survey,"Panel regressions (OLS, GLS-AR1, IV) of starts on price changes and regulation",Less-regulated metros,"Impact fee coefficient not significant; 1-SD (~2-3 month) longer approval delay -> 20-25% fewer permits; long delays plus growth management -> ~45% less construction than a fast, unmanaged metro",Low fee elasticity prior; delay matters more,yes,https://realestate.wharton.upenn.edu/wp-content/uploads/2017/03/331.pdf
E059,fees,"Burge, G. & Ihlanfeldt, K.",2006,Impact fees and single-family home construction,Journal of Urban Economics 60(2):284-306,Florida counties,causal,Florida county panel 1993-2003 of SF construction and fees,Panel with jurisdiction fixed effects; endogeneity controls; theory model,Same county before fee changes; other counties,Non-water/sewer fees increase construction of small homes in inner suburbs and medium/large homes in all suburbs (fees buy approvals/infrastructure),Sign uncertainty: include zero/positive in fee range,yes,https://www.sciencedirect.com/science/article/abs/pii/S0094119006000222
E060,fees,"Burge, G. & Ihlanfeldt, K.",2006,The Effects of Impact Fees on Multifamily Housing Construction,Journal of Regional Science 46(1):5-23,Florida counties,causal,Florida county panel 1993-2003 of MF construction and fees,Panel with fixed effects and endogeneity controls,Same as above,Non-water/sewer fees expand MF in inner suburbs; water/sewer fees reduce construction metro-wide,Fee-type split; revenue-replacement toggle,yes,https://ideas.repec.org/a/bla/jregsc/v46y2006i1p5-23.html
E061,fees,"Skidmore, M. & Peddle, M.",1998,Do Development Impact Fees Reduce the Rate of Residential Development?,Growth and Change 29(4):383-400 (pages from memory),"DuPage County, IL",causal,29 DuPage County municipalities 1977-92; fee dummy,Two-way fixed effects panel on fee adoption (from secondary sources),Municipalities without fees,Fee adoption associated with ~25-30% lower residential development rate (secondary source; likely confounded),Extreme upper bound for fee effect,partial,https://onlinelibrary.wiley.com/doi/10.1111/j.1468-2257.1998.tb00026.x
E062,fees,"Campbell, D. & Alm, J.",2006,Are Impact Fees a Deterrent to Development?,"Proceedings of the 99th Annual Conference on Taxation, National Tax Association (2006)",34 Florida counties,causal,County panel 1990-2003,Fixed-effects model of SF permits,Within-county variation,"Fee coefficient negative but insignificant even at 10%; mean fee ~$1,432 (1990-2003)",Null-effect evidence,yes,https://ntanet.org/wp-content/uploads/proceedings/2006/024-campbell-are-impact-fees-2006-nta-proceedings.pdf
E063,fees,"Mullen, C. & Nicholas, J.C. (cited in Broward County memo)",2010,Impact Fee Reductions and Development Activity: A Quantitative Analysis of Florida Counties,"Growth & Infrastructure Consortium conference paper, 2010 (not peer reviewed)",Florida,causal (weak),County permits around fee reductions (period not stated in memo),Compare counties that cut/suspended fees vs not,Counties that kept fees,No significant difference in permits (during housing bust; author is a fee consultant),Closest analog to a fee CUT,partial,https://cragenda.broward.org/docs/2011/CCCM/20110301_234/7443_Exhibit%2012%20-%202-16-11%20Consultant%20Responses%20to%20BASF%20&%20C&EDC%20comments.pdf
E064,fees,"Ihlanfeldt, K.R. & Shaughnessy, T.M.",2004,An empirical investigation of the effects of impact fees on housing and land markets,Regional Science and Urban Economics 34(6):639-661,"Dade County, FL",incidence,"Home and land sales 1985-2000; fees introduced June 1989 at $879, rising to $5,239 (nominal)",Hedonic time-series of prices on fee levels,Pre-fee price path,"$1 of fee -> ~+$1.60 new and existing home prices; land effect ~-$1,600 on a $20k lot (~-$1 per fee dollar)",Land-capture share (lambda) upper end,yes,https://www.sciencedirect.com/science/article/abs/pii/S0166046204000158
E065,fees,"Yinger, J.",1998,The Incidence of Development Fees and Special Assessments,National Tax Journal 51(1):23-41,n/a,theory,n/a,Incidence model,n/a,Under standard assumptions ~one-quarter of burden falls on owners of undeveloped land,Land-capture share (lambda) low end,yes,https://ideas.repec.org/a/ntj/journl/v51y1998i1p23-41.html
E066,fees,"Dresch, M. & Sheffrin, S.",1997,Who Pays for Development Fees and Exactions?,Public Policy Institute of California,"Contra Costa County, CA",incidence,Home sales 1992-96; fees ~$12-35k/unit (1994),Hedonic regression by submarket,n/a,Strong west-county submarket: ~$1.88 price per $1 fee (not distinguishable from $1); weak east-county: ~$0.25 per $1 (75% absorbed),Incidence depends on market strength,yes,http://www.impactfees.com/publications%20pdf/who%20pays%20dresch.pdf
E067,fees,"Evans-Cowley, J., Forgey, F. & Rutherford, R.",2005,The Effect of Development Impact Fees on Land Values,Growth and Change 36(1):100-112,43 Texas cities,incidence,Cross-section of lot and land values,Cross-sectional regression,n/a,"+$1,000 fee -> finished lot values +1.3%; weakly negative on undeveloped land",Incidence,partial,https://ideas.repec.org/a/bla/growch/v36y2005i1p100-112.html
E068,fees,"Mathur, S., Waddell, P. & Blanco, H.",2004,The Effect of Impact Fees on the Price of New Single-family Housing,Urban Studies 41(7):1303-1312,"King County, WA",incidence,New home sales 1991-2000,Hedonic regression by quality tier,n/a,"Price rises 166% of fee for mean-quality homes, 358% for high quality, insignificant for low quality",Incidence by segment,yes,https://journals.sagepub.com/doi/10.1080/0042098042000214806
E069,fees,"Mathur, S.",2013,Do All Impact Fees Affect Housing Prices the Same?,Journal of Planning Education and Research 33(4):442-455,"King County, WA",incidence,Home sales by fee type,Hedonic regression by fee category,n/a,Park fees raise prices; fire fees zero/negative: effect depends on what the fee buys,Fee-type heterogeneity,yes,https://journals.sagepub.com/doi/abs/10.1177/0739456X13494241
E070,fees,"Burge, G.",2014,"The capitalization effects of school, residential, and commercial impact fees on undeveloped land values",Regional Science and Urban Economics 44:1-13 (Lincoln WP 2012),Florida,incidence,Undeveloped land sales,Hedonic regression,n/a,Water/sewer fees capitalize negatively into land; residential fees ambiguous,Land-capture share,yes,https://ideas.repec.org/a/eee/regeco/v44y2014icp1-13.html
E071,fees,"Burge, G.",2008,Impact Fees in Relation to Housing Prices and Affordable Housing Supply,"Chapter in Nelson, Bowles, Juergensmeyer & Nicholas (eds.), A Guide to Impact Fees and Housing Affordability, Island Press",US,review,Literature review,Review,n/a,Reviews older 'over-shifting' studies (Delaney & Smith; Singell & Lillydahl),Entry point to older incidence literature,partial,https://impactfees.com/publications/burge-Impact_Fees_in_Relation_to_Housing_Prices-2016.pdf
E072,fees,"Mawhorter, S., Garcia, D. & Raetz, H.",2018,It All Adds Up: The Cost of Housing Development Fees in Seven California Cities,Terner Center report,7 California cities,descriptive,Fee schedules applied to prototypes,Fee calculation for prototype projects,n/a,MF fees $12k (LA) to $75k (Fremont) per unit; SF $21k-$157k; SF fees 6-18% of median home price,Checks $50k/unit assumption against real fee levels,yes,https://ternercenter.berkeley.edu/wp-content/uploads/pdfs/Development_Fees_Report_Final_2.pdf
E073,fees,"Raetz, H., Garcia, D., Decker, N., Kneebone, E., Reid, C. & Galante, C.",2019,Residential Impact Fees in California: Current Practices and Policy Considerations to Improve Implementation of Fees Governed by the Mitigation Fee Act,Terner Center / HCD report,10 California cities,descriptive,Fee schedules,Prototype fee calculation,n/a,"Per sq ft, MF fees higher than SF in all 10 jurisdictions; per unit SF higher in 8 of 10; many waive ADU fees, others charge up to $50k",Per-unit vs per-sq-ft fee structure; ADU fee levels,yes,https://www.hcd.ca.gov/policy-research/plans-reports/docs/impact-fee-study.pdf
E074,fees,"Emrath, P. (NAHB)",2021,Government Regulation in the Price of a New Home: 2021,NAHB special study,US,survey,Builder survey (n~280),Survey,n/a,"Regulation = $93,870 (23.8%) of a $394,300 new home; pure fee line (permit/impact/hook-up) $12,184; plus $11,791 compliance costs and $6,473 zoning approval",National fee level context,yes,https://www.nahb.org/-/media/NAHB/news-and-economics/docs/housing-economics-plus/special-studies/2021/special-study-government-regulation-in-the-price-of-a-new-home-may-2021.pdf
E075,fees,"Nave, B. (Florida TaxWatch)",2023,The Impacts of Impact Fees on the Cost of Housing,Research report,Florida,descriptive,County fee schedules,Descriptive,n/a,"Orange County ~$26,934 per SF home and ~$14,802 per mid-rise MF unit; $1.8B collected FY2021",Fee level for a non-coastal state,yes,https://floridataxwatch.org/ftw-document/2200/
E076,fees,"Soltas, E. & Gruber, J.",2026,How Costly Is Permitting in Housing Development?,Working paper (Feb 2026),Los Angeles,causal,MLS repeat listings of land,DiD / event study on land with vs without pre-approval,Comparable land without approval,Pre-approved land ~50% premium; approval raises 4-yr completion 8-12 pp (base 35%); permit fees ~1.2% of land value,Process costs vs fees; land-value channel,yes,https://evansoltas.com/papers/Permitting_SoltasGruber2026.pdf
E077,fees,"Garcia, D., Carlton, I., Patterson, L. & Strawn, J.",2023,Making It Pencil: The Math Behind Housing Development (2023 Update),Terner Center report + online calculator,4 California regions,ex-ante simulation,Prototype 120-unit project costs,Pro forma (return on cost vs cap rate),Baseline prototype,TDC $508k-637k/unit; fees $40k; combined LA scenario ($10k fees + 0.25 parking + 25% density) lifts return on cost 5.12% -> 5.71% and makes it viable (fee-only effect not isolated),Pro forma template; threshold-crossing logic,yes,https://ternercenter.berkeley.edu/wp-content/uploads/2023/12/Development-Math-2023.pdf
E078,fees,"Eriksen, M.D. & Orlando, A.W.",2024,A cost decomposition of break-even rents for new multifamily housing development,Journal of Housing Economics 66:102012,US,ex-ante simulation,Cost components,Break-even rent decomposition,n/a,"Construction costs drive most break-even rent growth (50 cities, 2012-20); falling cap rates offset; fees not a separate component",MF pro forma structure,yes,https://www.sciencedirect.com/science/article/pii/S1051137724000317
E079,fees,"Cunningham, C.R.",2006,"House price uncertainty, timing of development, and vacant land prices: Evidence for real options in Seattle",Journal of Urban Economics 59(1):1-31,Seattle,causal,Vacant land sales and development timing,Hazard/real-options test,n/a,1-SD higher price uncertainty lowers development likelihood 11% and raises vacant land prices 1.6%,Temporary vs permanent fee cuts (pull-forward),yes,https://www.sciencedirect.com/science/article/abs/pii/S0094119005000537
E080,mechanism,"Saiz, A.",2010,The Geographic Determinants of Housing Supply,Quarterly Journal of Economics 125(3):1253-1296,US metros,causal,Satellite land availability; WRLURI; prices and permits,IV (land unavailability; regulation instrumented by political/religious composition),n/a,Metro supply elasticities <1 on coasts to >3 inland; population-weighted average 1.75 (2.5 unweighted),Metro-level elasticity input; downloadable data,yes,https://academic.oup.com/qje/article-abstract/125/3/1253/1903664
E081,mechanism,"Baum-Snow, N. & Han, L.",2024,The Microgeography of Housing Supply,Journal of Political Economy 132(6):1897-1946,US census tracts,causal,Tract-level housing units and floor space,IV with commuting-weighted labor-demand (Bartik-style) shocks,n/a,"Tract elasticities ~0.5 floor space, ~0.3 units; more variation within than across metros; new construction ~half of unit response; elasticity rises with distance from CBD",Tract-level elasticity input (local mode); Harvard Dataverse data,yes,https://www.journals.uchicago.edu/doi/abs/10.1086/728110
E082,mechanism,"Aastveit, K.A., Albuquerque, B. & Anundsen, A.K.",2020,The declining elasticity of US housing supply,VoxEU / CEPR column,US metros,causal,Metro prices and permits,Time-varying elasticity estimation,n/a,Median MSA elasticity fell from 2.63 (1996-2006) to 1.75 (2012-17),Use post-2012 elasticities,yes,https://cepr.org/voxeu/columns/declining-elasticity-us-housing-supply
E083,mechanism,"Glaeser, E. & Gyourko, J.",2018,The Economic Implications of Housing Supply,Journal of Economic Perspectives 32(1):3-30,US metros,structural,"AHS, construction costs, prices",Price vs minimum profitable production cost (MPPC),n/a,"Regulatory implicit tax exceeds plausible externalities mainly in coastal markets; prices near production cost in most of US (125%-of-MPPC figure in body, unverified)",Regime split: where cost cuts raise quantity vs land value,yes,https://www.aeaweb.org/articles?id=10.1257%2Fjep.32.1.3
E084,mechanism,"Gyourko, J. & Krimmel, J.",2021,The impact of local residential land use restrictions on land values across and within single family housing markets,Journal of Urban Economics 126:103374,US metros,structural,Land sales,Zoning tax = land price per extra 1/4 acre vs value of land under house,n/a,"Zoning tax ~$410k per quarter acre in SF (median), $150-200k in LA/NYC/Seattle, negligible in 12 interior markets (24 metros, 2013-18)",Where the market is regulation-constrained,yes,"https://static1.squarespace.com/static/5f75531c54380e4fb4b0f839/t/6220ea407c11c05699c079f8/1646324290953/Gyourko,+Krimmel+(2021,+JUE)+-+Zoning+Tax.pdf"
E085,mechanism,"Gyourko, J., Hartley, J. & Krimmel, J.",2021,The local residential land use regulatory environment across U.S. housing markets: Evidence from a new Wharton index,Journal of Urban Economics 124:103337,US municipalities,descriptive,2018 municipal survey,Survey-based index construction,n/a,WRLURI 2018 regulatory index,Covariate for comparable-place matching and pooling,yes,https://www.sciencedirect.com/science/article/abs/pii/S009411902100019X
E086,mechanism,"Favilukis, J., Mabille, P. & Van Nieuwerburgh, S.",2023,Affordable Housing and City Welfare,Review of Economic Studies 90(1):293-330,New York metro,structural,Calibrated spatial equilibrium,Structural GE model,Model baseline,"Welfare effects of zoning, vouchers, rent control",Context only,yes,https://academic.oup.com/restud/article-abstract/90/1/293/6581722
E087,mechanism,"Hsieh, C.-T. & Moretti, E.",2019,Housing Constraints and Spatial Misallocation,AEJ: Macroeconomics 11(2):1-39,US metros,structural,"Metro wages, housing",Spatial equilibrium,Model counterfactual,"Constraints lowered aggregate US growth 36% (1964-2009); Greaney (2026) Comment, AEJ: Macro 18(2):409-28, finds a computational error that sharply reduces gains",Context only; read with Comment,yes,https://www.aeaweb.org/articles?id=10.1257%2Fmac.20170388
E088,mechanism,"Turner, M.A., Haughwout, A. & van der Klaauw, W.",2014,Land Use Regulation and Welfare,Econometrica 82(4):1341-1403,US municipal borders,causal,Land sales near municipal boundaries,"Boundary discontinuity separating own-lot, external and supply effects",Land just across a municipal border,Regulation has large negative own-lot and supply effects,Boundary-design template,yes,https://onlinelibrary.wiley.com/doi/abs/10.3982/ECTA9823
E089,method,"Goodman-Bacon, A.",2021,Difference-in-differences with variation in treatment timing,Journal of Econometrics 225(2):254-277,n/a,method,n/a,Decomposes TWFE into 2x2 comparisons; shows bias from already-treated controls,n/a,Decomposes TWFE into 2x2 comparisons; shows bias from already-treated controls,Diagnose any staggered backtest,yes,https://doi.org/10.1016/j.jeconom.2021.03.014
E090,method,"Callaway, B. & Sant'Anna, P.H.C.",2021,Difference-in-Differences with multiple time periods,Journal of Econometrics 225(2):200-230,n/a,method,n/a,"Group-time ATT(g,t) with not-yet/never-treated controls, then aggregation",n/a,"Group-time ATT(g,t) with not-yet/never-treated controls, then aggregation",Estimator for comparable-places prong,yes,https://doi.org/10.1016/j.jeconom.2020.12.001
E091,method,"Sun, L. & Abraham, S.",2021,Estimating dynamic treatment effects in event studies with heterogeneous treatment effects,Journal of Econometrics 225(2):175-199,n/a,method,n/a,Interaction-weighted event-study estimator,n/a,Interaction-weighted event-study estimator,Event-study curves (years since reform),yes,https://doi.org/10.1016/j.jeconom.2020.09.006
E092,method,"de Chaisemartin, C. & D'Haultfoeuille, X.",2020,Two-Way Fixed Effects Estimators with Heterogeneous Treatment Effects,American Economic Review 110(9):2964-96,n/a,method,n/a,Shows negative weights in TWFE; robust estimator,n/a,Shows negative weights in TWFE; robust estimator,Diagnostics,yes,https://www.aeaweb.org/articles?id=10.1257%2Faer.20181169
E093,method,"Borusyak, K., Jaravel, X. & Spiess, J.",2024,Revisiting Event-Study Designs: Robust and Efficient Estimation,Review of Economic Studies 91(6):3253-3285,n/a,method,n/a,"Imputation estimator: fit untreated model, predict counterfactual for treated",n/a,"Imputation estimator: fit untreated model, predict counterfactual for treated",Closest analog to Lotline's forecast-baseline-then-subtract,yes,https://academic.oup.com/restud/article/91/6/3253/7601390
E094,method,"Rambachan, A. & Roth, J.",2023,A More Credible Approach to Parallel Trends,Review of Economic Studies 90(5):2555-2591,n/a,method,n/a,Sensitivity bounds for violations of parallel trends (HonestDiD),n/a,Sensitivity bounds for violations of parallel trends (HonestDiD),Robustness of comparable-place estimates,yes,https://academic.oup.com/restud/article-abstract/90/5/2555/7039335
E095,method,"Deb, P., Norton, E.C., Wooldridge, J.M. & Zabel, J.E.",2025,Aggregating Average Treatment Effects on the Treated in Difference-in-Differences Models,NBER Working Paper 34331,n/a,method,n/a,Common Callaway-Sant'Anna software weights can shift overall ATT ~16%,n/a,Standard Callaway-Sant'Anna software weights include pre-period reference observations; in a simulated example overall ATT differs by 16.2%,State aggregation choices explicitly,yes,https://www.nber.org/system/files/working_papers/w34331/w34331.pdf
E096,method,"Abadie, A., Diamond, A. & Hainmueller, J.",2010,Synthetic Control Methods for Comparative Case Studies: Estimating the Effect of California's Tobacco Control Program,Journal of the American Statistical Association 105(490):493-505,n/a,method,n/a,Canonical synthetic control,n/a,Canonical synthetic control,Single-city comparables,yes,https://doi.org/10.1198/jasa.2009.ap08746
E097,method,"Ben-Michael, E., Feller, A. & Rothstein, J.",2021,The Augmented Synthetic Control Method,Journal of the American Statistical Association 116(536):1789-1803,n/a,method,n/a,Bias correction when pre-period fit is imperfect,n/a,Bias correction when pre-period fit is imperfect,Single-city comparables,yes,https://www.tandfonline.com/doi/abs/10.1080/01621459.2021.1929245
E098,method,"Ben-Michael, E., Feller, A. & Rothstein, J.",2022,Synthetic controls with staggered adoption,JRSS Series B 84(2):351-381,n/a,method,n/a,Partially pooled SCM for many staggered units,n/a,Partially pooled SCM for many staggered units,Multi-city ADU/MM backtests,yes,https://rss.onlinelibrary.wiley.com/doi/10.1111/rssb.12448
E099,method,"Arkhangelsky, D., Athey, S., Hirshberg, D., Imbens, G. & Wager, S.",2021,Synthetic Difference-in-Differences,American Economic Review 111(12):4088-4118,n/a,method,n/a,Unit + time weights combining SCM and DiD,n/a,Unit + time weights combining SCM and DiD,Alternative estimator,yes,https://www.aeaweb.org/articles?id=10.1257%2Faer.20190159
E100,method,"Chernozhukov, V., Wuthrich, K. & Zhu, Y.",2021,An Exact and Robust Conformal Inference Method for Counterfactual and Synthetic Controls,Journal of the American Statistical Association 116(536):1849-1864,n/a,method,n/a,Valid intervals with one treated unit,n/a,Valid intervals with one treated unit,Intervals for local-mode comparisons,yes,https://www.tandfonline.com/doi/full/10.1080/01621459.2021.1920957
E101,method,"Brodersen, K.H., Gallusser, F., Koehler, J., Remy, N. & Scott, S.L.",2015,Inferring causal impact using Bayesian structural time-series models,Annals of Applied Statistics 9(1):247-274,n/a,method,n/a,BSTS counterfactual forecast (CausalImpact),n/a,BSTS counterfactual forecast (CausalImpact),Single-city monthly permit series,yes,https://arxiv.org/abs/1506.00356
E102,method,"Pearl, J. & Bareinboim, E.",2014,External Validity: From Do-Calculus to Transportability Across Populations,Statistical Science 29(4):579-595,n/a,method,n/a,Conditions for transferring effects across populations via measured covariates,n/a,Conditions for transferring effects across populations via measured covariates,Theory for 'comparable places' reweighting,yes,https://projecteuclid.org/journals/statistical-science/volume-29/issue-4/External-Validity-From-Do-Calculus-to-Transportability-Across-Populations/10.1214/14-STS486.full
E103,method,"Fay, R.E. & Herriot, R.A.",1979,Estimates of Income for Small Places: An Application of James-Stein Procedures to Census Data,Journal of the American Statistical Association 74(366a):269-277,n/a,method,n/a,Area-level empirical Bayes small-area estimation,n/a,Area-level empirical Bayes small-area estimation,Shrink noisy small-place baselines,yes,https://www.tandfonline.com/doi/abs/10.1080/01621459.1979.10482505
E104,method,"Herman, J. & Usher, W.",2017,SALib: An open-source Python library for Sensitivity Analysis,Journal of Open Source Software 2(9):97,n/a,method,n/a,"Sobol, Morris, FAST implementations",n/a,"Sobol, Morris, FAST implementations",Global sensitivity analysis (license to verify),yes,https://joss.theoj.org/papers/10.21105/joss.00097
